,Unnamed: 0,County,Household 65+,Average Household Size,Median Housing Costs,Income,Percent Overcrowded,Percent Below Poverty Level,Percent Less Than High School Education,Percent Non White,Unemployment Rate 2019,"Peak Covid Death Rates per 100,000","Peak Covid Case Rates per 100,000","Covid Case Rates per 100,000","Covid Death Rates per 100,000",Urban Percent,Rural Percent,State,Unemployment Rate 2020,Labor Force,"Mortality Rate Per 100,000",Population,Projected Deaths From Unemployment,retail_and_recreation_percent_change_from_baseline,grocery_and_pharmacy_percent_change_from_baseline,parks_percent_change_from_baseline,transit_stations_percent_change_from_baseline,workplaces_percent_change_from_baseline,residential_percent_change_from_baseline,Covid Death Rate (Delayed After Lockdown)
11,11,Clarke County,0.3465346534653465,2.61,530,52956,0.01628162816281628,23.2,0.13441679363467074,0.4702834880636605,5.5,406.40081280162553,30022.86004572009,11552.789772246211,139.7002794005588,0.2323943661971831,0.7676056338028169,AL,15.0,7422.0,1094.3,472616.0,11.428009015776027,-38.867647058823536,-14.044117647058822,-31.985294117647058,-53.470588235294116,-44.691176470588225,16.11764705882353,9.309883711088917
12,12,Clay County,0.34109272797229706,2.52,451,49976,0.00923432089265102,17.9,0.15847957697907886,0.16832870960485868,2.9,1360.0302228938424,20219.11598035512,9399.319984888552,347.5632791839819,0.0,1.0,AL,9.2,5791.0,1304.7,250712.0,13.290083066227384,-27.426470588235286,-1.1176470588235294,102.76470588235294,-15.897058823529413,-41.897058823529406,16.029411764705884,6.381824563642747
23,23,DeKalb County,0.3069124423963134,2.7,569,49250,0.0293394777265745,21.1,0.168175680477578,0.1456457719814893,2.2,352.3834827234208,26563.00253100835,10588.2846475466,114.66446660047824,0.0908740235944582,0.9091259764055418,AL,11.6,30221.0,1051.7,1237389.0,16.90130921690753,-34.882352941176464,-9.529411764705884,27.661764705882355,-37.77941176470589,-47.264705882352935,18.147058823529417,3.5558745067234314
27,27,Fayette County,0.3600411643634225,2.38,503,51379,0.012055277859453102,19.4,0.1227907551600544,0.14708378804413724,3.2,515.2741994847258,31210.8943687891,10060.115323273218,159.48963317384369,0.1885741377266801,0.8114258622733199,AL,11.0,6359.0,1323.7,316242.0,14.532873343199196,-38.220588235294116,-4.838235294117646,16.455882352941178,-37.29411764705883,-43.86764705882353,16.161764705882348,7.589124784184264
35,35,Jefferson County,0.2826999858362905,2.47,934,70664,0.01424027010576846,16.0,0.06646513977248429,0.481918505942275,4.0,559.3912899557072,33802.17530934308,9238.459517775555,134.6851450029078,0.9100488434613644,0.08995115653863557,AL,12.6,312995.0,1077.8,11848682.0,17.139653053563258,-33.85294117647059,-4.073529411764706,5.294117647058823,-32.72058823529412,-38.308823529411775,14.279411764705882,6.616769696410116
49,49,Montgomery County,0.27171691221642635,2.46,885,63191,0.02019502496453584,19.4,0.08724220164243146,0.6419113337827893,4.0,185.44192577024623,22968.307091829083,8195.650062255503,134.22463198608298,0.8960655640932301,0.1039344359067699,AL,15.1,105760.0,911.8,4068324.0,18.41732348161061,-28.69117647058824,-2.4411764705882355,0.6323529411764706,-2.75,-35.176470588235304,13.838235294117649,11.503508570113885
67,67,Coconino County,0.25419942251354144,2.67,1083,75787,0.06565220140367146,17.6,0.06019946735811185,0.3605829805909084,4.8,418.18840781733536,31564.861022052464,9353.4807215144,168.66932448632525,0.5741697067323637,0.4258302932676363,AZ,17.4,71690.0,515.9,2329635.0,14.00247516113039,-36.970588235294116,-5.279411764705882,5.455882352941177,-23.64705882352941,-41.397058823529406,14.558823529411766,7.554831550865264
72,72,Maricopa County,0.2826545522957343,2.75,1167,76769,0.04533933468032905,13.8,0.08142562122732651,0.22373469845061345,3.2,463.9036664174144,35854.081696806585,8959.150704929356,138.49334754829766,0.9760730174668254,0.023926982533174646,AZ,12.5,2307896.0,693.5,65854171.0,15.821964341119713,-33.132352941176464,-10.779411764705882,-17.514705882352942,-38.661764705882355,-41.01470588235294,14.955882352941178,15.361213794643321
75,75,Pima County,0.339873350480186,2.46,936,66727,0.03622334393275667,16.8,0.07678889366481607,0.23968197257222745,4.0,593.5381116206856,35532.07884431942,8244.698881577879,130.05130438020814,0.9239230770975416,0.07607692290245834,AZ,12.8,497905.0,870.0,16938659.0,15.753150683297894,-34.426470588235304,-9.5,-23.39705882352941,-36.647058823529406,-39.382352941176464,13.838235294117649,9.233316521691592
77,77,Santa Cruz County,0.35892260140036586,2.91,742,46738,0.05140982779284678,23.3,0.14737640936686905,0.1428571428571429,4.0,1109.7251494687944,45911.652114069424,14766.226504365779,275.2806572325692,0.6420877290394226,0.3579122709605775,AZ,15.9,19320.0,578.0,791144.0,11.757755452863199,-43.264705882352935,-25.323529411764717,-19.11764705882353,-12.264705882352946,-37.117647058823536,14.647058823529413,28.819026624735823
83,83,Benton County,0.24701539347448306,2.7,961,77122,0.036740737693960863,9.4,0.07458323487487517,0.12432692778043265,1.6,378.30343804743836,33148.83875890678,8050.053557162867,108.18905141129393,0.7342722702075545,0.2657277297924455,AR,8.1,130437.0,716.1,3666675.0,11.590801132770151,-25.588235294117645,-5.970588235294117,74.42647058823529,-57.45588235294117,-40.9264705882353,14.5,5.345442396721825
89,89,Clay County,0.3629733085040348,2.29,515,50687,0.019863438857852262,21.1,0.1239883017071346,0.04123849822016257,2.9,907.1541474812727,24823.036217442106,10013.057521819806,261.15043639612395,0.4066741377163491,0.5933258622836508,AR,8.8,5295.0,1460.5,293602.0,10.878238286864534,-27.426470588235286,-1.1176470588235294,102.76470588235294,-15.897058823529413,-41.897058823529406,16.029411764705884,8.17433123752563
98,98,Dallas County,0.4072078140788144,2.21,501,51701,0.0013472549680026945,14.7,0.11709637814610192,0.4658606951504327,1.7,684.8337851333999,30303.89499215295,8303.609644742473,171.20844628334999,0.4106852497096399,0.5893147502903601,AR,9.6,2649.0,1413.9,150578.0,13.755116074725391,-34.176470588235304,-10.352941176470589,-10.632352941176473,-39.54411764705883,-41.9264705882353,16.75,5.312861108528471
109,109,Howard County,0.3164138467522365,2.55,537,50445,0.017697394010112798,19.4,0.09492897510310064,0.32634663060626545,4.0,181.79063778215425,23632.78291168005,9218.300257536735,143.91758824420543,0.3111574222507214,0.6888425777492786,AR,8.2,5299.0,1242.8,249114.0,7.772207008839326,-48.735294117647065,-26.39705882352941,41.897058823529406,-29.94117647058824,-57.08823529411765,24.617647058823533,8.028452836853807
117,117,Lee County,0.3558951965065502,2.36,506,50338,0.02027448533998753,22.1,0.17066383993639858,0.5704807483141179,5.0,1083.8884498137068,26419.7809642091,17319.63418764819,316.13413119566445,0.4299816345270891,0.570018365472911,AR,9.9,2627.0,1200.5,197163.0,5.486443858634733,-43.352941176470594,-19.544117647058822,-50.30882352941178,-62.191176470588225,-37.352941176470594,13.764705882352946,20.287782190370407
128,128,Nevada County,0.3432440388578157,2.41,515,45353,0.011186340889019724,23.1,0.0633578431372549,0.3716920129325829,3.0,436.2578768783325,15996.122152205526,7682.985942801745,266.6020358700921,0.2886259040105194,0.7113740959894806,AR,9.1,3450.0,1298.7,166169.0,11.513458617431652,-46.29411764705882,-10.235294117647056,5.647058823529411,-57.0,-37.691176470588225,12.970588235294118,28.886254355505546
138,138,Pulaski County,0.2654522907162878,2.44,892,68090,0.020708505482407567,16.8,0.06400975564289375,0.4407596566632822,2.9,355.1826817823436,27107.174843267985,7507.061552240177,113.2910278098854,0.8828686166728376,0.11713138332716246,AR,11.9,183876.0,903.5,6779345.0,15.43853256914938,-26.02941176470589,-1.1764705882352942,35.6764705882353,-28.794117647058826,-34.044117647058826,12.088235294117649,4.18919526886447
150,150,Washington County,0.2130432293157744,2.57,841,63719,0.03861437160034355,16.4,0.09299814378525023,0.2281511393135276,3.1,210.71379297369842,33122.20145743707,10503.91534656984,102.43031602888115,0.7458204263848397,0.2541795736151604,AR,8.4,119418.0,679.9,3466796.0,8.688813138182923,-22.808823529411764,-1.9705882352941173,87.72058823529413,-14.0,-38.23529411764706,13.264705882352946,6.230536783819987
160,160,Fresno County,0.2718167232856781,3.14,1106,60668,0.09370717037017792,22.5,0.14661865018734485,0.34995292126831223,5.3,347.11205373630895,39545.55145075423,7834.84352432837,90.48134272711168,0.8851364842123278,0.1148635157876722,CA,16.9,450261.0,675.5,16109944.0,15.330336347910333,-37.5735294117647,-2.2941176470588243,-30.25,-32.19117647058823,-36.161764705882355,12.926470588235292,5.661099753046937
165,165,Kern County,0.2508047150753657,3.17,1080,59464,0.09213710124980576,21.0,0.1521446196384509,0.25629054989573485,5.7,107.97576543931251,39828.39407155283,9153.278930728879,61.20848431796419,0.874894062953859,0.1251059370461411,CA,18.7,370837.0,677.2,14181056.0,16.115093468638726,-33.661764705882355,-3.6764705882352944,-0.5882352941176471,-21.838235294117645,-35.029411764705884,12.411764705882351,6.995247744596735
169,169,Los Angeles County,0.2805232159358658,2.99,1620,76673,0.11333591614796815,14.9,0.14279347508498785,0.4873374881094909,3.9,542.7972826666755,49652.264887703655,9722.72733022967,131.92408448281307,0.9930050890023908,0.006994910997609342,CA,20.4,4756891.0,607.1,176589074.0,18.888679079009727,-47.95588235294117,-17.176470588235293,-34.35294117647059,-48.67647058823529,-44.735294117647065,20.23529411764705,7.662988254867909
171,171,Marin County,0.381885954928295,2.4,2412,153656,0.04651339251840048,7.2,0.04594101682363739,0.22170245015253345,2.4,64.90847132822823,11994.15823758046,4344.231259610704,57.56763230896433,0.9154243170823816,0.08457568291761829,CA,11.2,128079.0,733.6,4515423.0,12.817978007907564,-57.55882352941178,-23.735294117647058,-29.911764705882355,-51.67647058823529,-52.5,22.308823529411764,7.175407486740445
173,173,Merced County,0.2666483351664833,3.32,1066,58871,0.08746625337466253,21.2,0.1840115829679093,0.4493592058426867,7.1,345.72169403630073,36127.91702679343,8354.580812445982,104.43676174013252,0.8476785586274463,0.1523214413725537,CA,18.7,115510.0,616.3,4410116.0,13.107436665158012,-29.294117647058826,-7.9411764705882355,5.132352941176472,-24.77941176470589,-31.867647058823533,12.088235294117649,9.795660703709382
179,179,Orange County,0.2978548268323997,3.01,1973,102052,0.08836887416963216,10.9,0.09960935628431708,0.3903926208095595,3.0,182.8892726372709,34359.75529113025,6384.529733991833,69.11879363615867,0.9983087156439988,0.0016912843560010565,CA,13.8,1540338.0,587.3,53800896.0,12.711837059263846,-50.08823529411765,-13.676470588235292,-25.69117647058824,-49.54411764705882,-46.235294117647065,21.014705882352946,6.185770586422947
182,182,Riverside County,0.3164853295589832,3.28,1502,76938,0.06942265962010945,13.7,0.11589303814372967,0.4009162164168366,4.5,329.8056381059085,51916.458952798304,9450.54251165532,97.10404096908134,0.9434886918685612,0.056511308131438835,CA,15.6,1085200.0,696.3,36306299.0,16.171310618028016,-43.147058823529406,-9.852941176470589,-43.92647058823529,-37.058823529411775,-40.54411764705883,16.161764705882348,7.447743434272933
185,185,San Bernardino County,0.2689653654402782,3.29,1367,70188,0.08848171737356554,16.0,0.12311030094596133,0.3879855618648591,4.6,171.18598586752353,60693.41333021418,11078.604733301685,71.55684296713201,0.9238605162391356,0.07613948376086456,CA,13.6,933853.0,625.4,35256580.0,10.436064692207813,-40.632352941176464,-8.308823529411764,-25.95588235294117,-33.382352941176464,-36.588235294117645,15.441176470588234,5.808844760325591
188,188,San Joaquin County,0.2821360913867706,3.17,1355,72874,0.07399580866879296,14.5,0.12935595066809355,0.4353806811984331,4.7,316.47396568645456,35070.35378955268,7292.546854416727,96.83158651600478,0.9139954225578064,0.08600457744219375,CA,17.8,325606.0,722.1,11877799.0,18.1519425370138,-35.367647058823536,-3.882352941176471,-5.279411764705882,-23.367647058823533,-35.044117647058826,14.147058823529413,9.193622488476187
191,191,Santa Barbara County,0.3170592913558578,2.91,1676,85186,0.10734560114085123,13.5,0.12134750571694758,0.22492013785072465,3.7,198.88062459266425,24677.322905538418,5192.396847473343,49.94412081550014,0.9385477053535208,0.06145229464647919,CA,13.9,212287.0,700.2,7529180.0,14.096004768593659,-46.38235294117647,-11.764705882352946,-16.455882352941178,-44.38235294117647,-41.411764705882355,15.191176470588234,4.250130824339436
198,198,Stanislaus County,0.2839480615073204,3.09,1235,67253,0.06908072548275426,15.1,0.1333870485646337,0.23432328044860584,5.5,492.49990919986925,27139.79588130607,7390.222641920605,130.75218828315113,0.9158732723129976,0.08412672768700244,CA,17.5,233351.0,743.0,9025208.0,16.13691630375721,-36.3235294117647,-4.411764705882354,-0.07352941176470587,-20.602941176470583,-33.51470588235294,12.852941176470587,10.016389649967069
207,207,Adams County,0.21375187744067287,3.0,1411,80651,0.054028236707720036,10.8,0.10415268918418233,0.18439501059296806,2.9,271.3457706587093,17375.40610064145,8390.073073957185,106.682952566672,0.9626262750098078,0.03737372499019223,CO,12.6,268896.0,567.9,7615339.0,13.615598737442939,-31.970588235294123,-8.514705882352942,5.588235294117646,-20.102941176470583,-39.9264705882353,16.044117647058822,3.886891968958965
219,219,Denver County,0.20391308818212875,2.29,1387,87649,0.03190039170682684,12.9,0.0859744360577027,0.2388785899747157,2.7,145.21232489607556,15280.296915200677,7232.42635218664,97.49577495389921,1.0,0.0,CO,13.4,415800.0,743.2,10699259.0,21.63307734115045,-50.36764705882353,-14.323529411764708,-2.2058823529411766,-68.67647058823529,-50.08823529411765,19.44117647058824,3.701190895556412
256,256,Hartford County,0.30148284285746896,2.48,1341,95628,0.017650852720257532,10.8,0.07029199465660671,0.2933095781933186,3.8,366.0341811330911,23217.601937828018,6271.699636657248,222.154936527161,0.9502443560303434,0.049755643969656566,CT,7.9,455585.0,893.3,15881082.0,7.354760910087867,-40.04411764705883,-13.132352941176471,28.95588235294117,-48.529411764705884,-44.45588235294117,18.11764705882353,4.206262520400058
258,258,Middlesex County,0.32645473413865705,2.34,1509,110020,0.008750055994385629,6.9,0.04110970196575777,0.12000392510410728,3.1,509.73922036986875,21904.01142603856,4950.257332118496,178.53185254500235,0.7743629488087443,0.2256370511912557,CT,6.9,88083.0,859.1,2921373.0,6.890178012119644,-27.10294117647059,-9.367647058823527,95.04411764705885,-32.0,-40.25,16.426470588235293,5.339954877381286
259,259,New Haven County,0.3063538351705529,2.51,1377,90449,0.019166777585518442,11.7,0.06854951747636713,0.2669032422832074,4.2,401.5176243072592,21976.7723458246,6544.90106544901,197.13205039560955,0.966751748599463,0.03324825140053701,CT,7.9,426751.0,901.2,15294293.0,6.5127752103873,-36.01470588235294,-13.735294117647054,13.426470588235292,-40.617647058823536,-42.3235294117647,17.279411764705884,3.5307287496061437
264,264,New Castle County,0.2829630421369195,2.62,1246,91568,0.013734702107088895,11.4,0.055055896288545805,0.35777152463747264,3.9,184.6969949154636,24388.59388674424,6971.774648189808,88.76909833146307,0.9561999163260708,0.04380008367392913,DE,14.1,285481.0,797.6,9538943.0,17.043559958205012,-37.558823529411775,-17.66176470588235,4.529411764705882,-47.911764705882355,-46.661764705882355,18.573529411764707,5.367471008056134
270,270,Brevard County,0.4020883875755695,2.51,971,71135,0.015302690339688478,11.8,0.057644504252081126,0.17509952912603946,2.8,155.49670898525102,13627.891059271491,4187.612760033358,93.69673490136923,0.9503305368630124,0.049669463136987516,FL,12.8,267189.0,1118.8,9534289.0,21.947282827277427,-33.22058823529412,-14.514705882352946,-17.88235294117647,-26.220588235294123,-38.23529411764706,13.397058823529413,8.264905752280008
271,271,Broward County,0.3153901891167307,2.77,1356,71206,0.04064632997608869,13.1,0.07753686345332725,0.3925449264226809,4.0,118.60027099854669,19789.038999824865,7940.78999251323,99.6016956356534,0.9998210733623892,0.00017892663761062601,FL,14.9,940796.0,864.5,31521986.0,19.686632128635548,-43.11764705882353,-18.66176470588235,-50.191176470588225,-63.83823529411765,-43.970588235294116,20.544117647058822,11.027223982651346
272,272,Calhoun County,0.390357698289269,2.74,477,57225,0.02199511219728949,14.7,0.13213213213213212,0.1955855730399666,2.6,680.6097128677774,34285.71428571428,10102.80042538107,226.86990428925915,0.224870811801967,0.775129188198033,FL,7.5,4226.0,1088.6,251602.0,6.2715928124577704,-35.647058823529406,-6.647058823529411,18.176470588235293,-25.52941176470589,-45.63235294117647,15.970588235294118,6.359249926471173
275,275,Clay County,0.2972972972972973,2.83,1091,74803,0.01751577361333459,10.2,0.05534170686279192,0.207663016484946,3.8,218.9261671501286,22812.1066170434,6211.1178005217735,95.3241019466185,0.837727549749596,0.1622724502504041,FL,9.8,95568.0,769.5,3188382.0,9.687240086037368,-27.426470588235286,-1.1176470588235294,102.76470588235294,-15.897058823529413,-41.897058823529406,16.029411764705884,6.021863126814791
276,276,Collier County,0.5090537771281097,2.57,1272,82092,0.04053742157939278,11.2,0.09735624964312226,0.1118418750151432,2.0,177.7075723171093,15261.027482320176,6552.317213212712,96.12836514229595,0.9279566949487578,0.07204330505124229,FL,13.4,165603.0,878.5,5577421.0,20.815144477886818,-46.75,-23.882352941176467,-56.30882352941178,-39.73529411764706,-38.95588235294117,14.544117647058822,9.108152316276644
278,278,DeSoto County,0.4039098740888005,2.77,591,41913,0.0529324055666004,26.8,0.1825346964418299,0.15781914749478365,2.2,505.24986184574084,16578.511091813372,8326.096681666271,163.1536012210205,0.5733379026730637,0.4266620973269363,FL,7.0,13670.0,870.1,612446.0,6.5254303432465885,-23.220588235294123,3.4411764705882355,11.058823529411764,-11.558823529411766,-33.617647058823536,12.794117647058822,9.796782083644926
279,279,Duval County,0.2566278397080747,2.55,1084,67947,0.02393587432970652,14.5,0.06942278287879566,0.4023281698294997,3.7,126.54593293692018,26896.648934226392,7636.399705561443,82.27573857614942,0.9745576417168186,0.025442358283181376,FL,11.5,443405.0,849.9,15251490.0,13.491144182437255,-28.632352941176467,-7.1764705882352935,-8.279411764705884,-33.779411764705884,-37.661764705882355,14.088235294117649,5.324069976113809
291,291,Hillsborough County,0.2595866394260465,2.66,1150,72124,0.0313507863353447,14.6,0.07786303656852987,0.29541271115773426,3.5,127.99191286767105,18338.713885084457,6113.516054696841,79.14574229874562,0.9681659118211052,0.03183408817889466,FL,12.3,685251.0,779.4,21279027.0,15.461051471498205,-37.02941176470589,-16.485294117647058,-34.588235294117645,-57.79411764705882,-42.602941176470594,16.661764705882348,8.75979902652504
302,302,Manatee County,0.455729381656072,2.61,1053,71605,0.021512699854151187,11.8,0.07647257099519676,0.14602056671689922,3.2,154.7415642289084,18351.75435768612,6333.988835792914,112.3364240315633,0.9600787538363542,0.03992124616364584,FL,13.5,161732.0,1099.6,5652231.0,22.685379576878578,-38.51470588235294,-15.073529411764708,-21.19117647058824,-44.57352941176471,-35.073529411764696,13.485294117647054,11.393731077162276
304,304,Martin County,0.49688507314654107,2.4,1009,79182,0.018054178031242242,9.9,0.06706687446687062,0.1191651211768774,2.3,268.3229813664596,13833.540372670806,5483.850931677019,140.37267080745343,0.9331379350065916,0.06686206499340851,FL,11.8,68543.0,1206.8,2570935.0,21.39582114911501,-39.838235294117645,-17.764705882352942,-20.22058823529412,-36.411764705882355,-35.54411764705883,13.779411764705882,16.336469027805062
305,305,Miami-Dade County,0.324309577392084,3.0,1343,57871,0.06301761885140122,17.1,0.13034059426474334,0.2485445064658143,3.3,206.2614559025963,31764.70588235294,12394.421665550215,165.62750741643174,0.9964252325822311,0.003574767417768728,FL,11.8,1213833.0,754.8,44271531.0,12.313549384546919,-46.647058823529406,-22.19117647058824,-65.02941176470588,-61.63235294117647,-43.852941176470594,21.25,15.368793096403193
308,308,Okaloosa County,0.2863959364818758,2.54,1141,76796,0.01932992996588081,10.9,0.04926935328917429,0.2179799209005172,3.1,375.82211086752267,21575.60572844005,7028.632709810286,120.52880828327118,0.8992284134318829,0.10077158656811712,FL,13.3,88492.0,815.9,3305285.0,15.59661108775794,-25.794117647058826,-4.470588235294118,14.852941176470587,-41.367647058823536,-33.867647058823536,12.220588235294118,8.592299907572267
310,310,Orange County,0.23073607606588625,2.85,1226,67326,0.033302649960472594,14.9,0.07659526618856989,0.364352255905926,3.4,118.84155320743021,21055.623013925127,6501.910363614965,59.06195548895835,0.9805386613206406,0.019461338679359383,FL,17.2,724131.0,618.2,19730191.0,21.917548569965682,-54.17647058823529,-25.073529411764717,-56.161764705882355,-72.91176470588233,-49.04411764705882,19.264705882352946,6.791622037516008
312,312,Palm Beach County,0.4166848645087936,2.61,1306,78370,0.03114808832420433,12.2,0.08288195369796733,0.26457191573943684,3.5,158.741824061145,16396.908008578474,6338.44879306774,134.22235881264322,0.9909057259018288,0.009094274098171214,FL,14.2,652840.0,1053.4,23172092.0,22.22883200808973,-41.79411764705883,-18.44117647058824,-49.25,-53.161764705882355,-40.411764705882355,18.08823529411765,13.464472694135685
315,315,Polk County,0.38165528321213177,2.86,887,58508,0.033627588903575686,15.8,0.10207929109331906,0.22933674138539065,3.3,228.4840716523841,20151.301710733096,6105.602136933153,120.58881559431386,0.857169273222528,0.14283072677747194,FL,14.0,288555.0,1005.6,10292483.0,21.11618839613337,-29.161764705882355,-12.308823529411766,-28.27941176470589,-21.19117647058824,-36.27941176470589,13.735294117647054,14.96237593979995
317,317,St. Johns County,0.35293388755590105,2.73,1357,99320,0.009135660617530105,8.2,0.03668731034140614,0.11583985221151405,2.8,104.28001450852376,24319.91294885745,6072.799540563416,49.11739813807279,0.774262495825448,0.225737504174552,FL,11.6,120379.0,810.8,3152203.0,19.073526867146565,-31.89705882352941,-6.029411764705883,-27.617647058823533,-18.11764705882353,-44.602941176470594,15.308823529411766,6.471664420089695
318,318,St. Lucie County,0.4225215883444724,2.7,1041,61739,0.023553297723094082,13.3,0.09856756259857884,0.2694737447555017,3.1,212.0031556791564,17077.219712638253,5204.738392370324,134.32958571049994,0.9643652073648644,0.03563479263513563,FL,14.1,136528.0,1038.3,4566718.0,23.90182780018385,-30.661764705882355,-8.382352941176471,-17.735294117647058,-29.60294117647059,-34.661764705882355,13.588235294117649,17.956002538365627
321,321,Seminole County,0.2765967247852224,2.63,1245,81291,0.023159131215883186,10.6,0.03975162615317991,0.2418476729619724,3.2,76.2993137300615,13947.514549855245,4521.5821086587,70.57686520030687,0.9714572520641784,0.028542747935821563,FL,13.1,230879.0,694.7,7400463.0,15.019520727405837,-36.95588235294117,-14.588235294117649,-15.985294117647054,-52.720588235294116,-46.441176470588225,17.88235294117647,8.648107557594708
351,351,Chatham County,0.27990752339547564,2.55,1117,70079,0.017049222607029697,15.1,0.06544312792771888,0.4730429538017858,4.8,186.5736101993573,14320.561102857342,5395.086894931417,93.28680509967869,0.9530350393469824,0.04696496065301744,GA,16.5,133316.0,888.1,4621071.0,20.98386121580906,-31.89705882352941,-9.75,-11.691176470588234,-34.911764705882355,-38.117647058823536,13.764705882352946,8.309761957779916
355,355,Clayton County,0.19814592857370147,2.95,985,53319,0.035681328821900955,18.6,0.09261301787091704,0.8365369015793298,5.0,151.9216029782109,17520.256213730427,5766.519763495018,85.54144311836198,0.991433073874218,0.008566926125781959,GA,16.0,134689.0,543.9,4639659.0,12.157823940724954,-18.23529411764705,-1.7352941176470589,7.514705882352941,-78.48529411764707,-36.867647058823536,14.294117647058822,7.500551225855175
357,357,Cobb County,0.2219143001847532,2.64,1264,95474,0.019459721657500338,9.1,0.05286761733374255,0.4136695340101009,3.1,127.87101340409212,27105.497532694593,7061.58462706261,82.48469691807179,0.9976578589130508,0.0023421410869489336,GA,11.4,398408.0,534.3,12096905.0,10.223864546047107,-36.691176470588225,-10.338235294117649,-14.588235294117649,-37.45588235294117,-48.764705882352935,18.69117647058824,6.877792294805987
360,360,Columbia County,0.26400508313036114,3.18,1195,92070,0.007497617282643228,7.5,0.04809348914858097,0.2611061345011778,2.8,176.11700294804547,31532.60078869788,7837.206631188023,74.65829472797581,0.8295356393698844,0.17046436063011558,GA,8.5,69694.0,594.7,2090907.0,7.909180895276548,-21.323529411764707,1.6617647058823528,14.617647058823529,-14.970588235294118,-40.338235294117645,15.544117647058822,6.886963408702539
361,361,Cook County,0.3194466784622809,2.74,684,47631,0.023966543348882097,24.0,0.13934329065908013,0.3132677417476859,3.2,555.877243775333,28766.647365373487,8378.691372321946,179.5020266357846,0.41031974749554,0.58968025250446,GA,7.8,7980.0,1074.9,299482.0,9.222657936036224,-45.13235294117647,-13.544117647058822,-16.205882352941178,-57.161764705882355,-49.33823529411765,19.647058823529417,12.020755838414331
368,368,DeKalb County,0.2271629678936113,2.61,1216,77215,0.023159228993471087,15.1,0.07248656888114123,0.6565059393612634,4.4,97.98537331241926,18609.318883124786,5882.151516468522,74.01583306663926,0.9974456336402509,0.0025543663597492198,GA,13.3,380756.0,590.7,12410225.0,11.290732489668805,-34.882352941176464,-9.529411764705884,27.661764705882355,-37.77941176470589,-47.264705882352935,18.147058823529417,5.704973116925761
372,372,Douglas County,0.2330290523918921,2.89,1097,73801,0.020513550328338792,12.8,0.07804568079923747,0.5381046079991069,4.5,147.59845021627268,24329.14454398229,6802.511906958311,82.68246516744907,0.8487381947669917,0.1512618052330082,GA,12.7,69230.0,640.9,2163568.0,11.771341144812641,-20.705882352941178,-7.823529411764706,12.426470588235292,-14.514705882352946,-37.79411764705883,15.014705882352946,7.210311855231727
380,380,Fayette County,0.33754499193248105,2.77,1381,107975,0.007844110711182822,5.5,0.030795766929586577,0.3311220537296421,2.4,209.75170641752825,18300.836384929342,5037.536815794304,76.034993576354,0.8209496727379697,0.17905032726203024,GA,10.3,53715.0,653.4,1850457.0,10.488680197918676,-38.220588235294116,-4.838235294117646,16.455882352941178,-37.29411764705883,-43.86764705882353,16.161764705882348,5.404070453947322
384,384,Fulton County,0.2096907758855852,2.44,1317,95559,0.018910019095124898,14.4,0.04982349261497882,0.5540117737888439,3.8,90.23090652923996,20701.225730470884,6301.782906318701,79.23401479598886,0.9905217281888792,0.009478271811120898,GA,13.8,534045.0,692.1,16061998.0,16.10813182457127,-44.33823529411765,-16.926470588235293,-30.823529411764717,-50.264705882352935,-52.147058823529406,19.23529411764705,6.823559559651296
391,391,Gwinnett County,0.20520915010397844,3.1,1318,79584,0.027852589233968567,10.7,0.07826546335020912,0.515411247084846,2.9,94.84646194926569,27067.12950600801,7447.049399198931,68.57142857142857,0.9951260002675384,0.004873999732461661,GA,12.5,464061.0,419.0,13562326.0,9.634389237362381,-33.75,-10.455882352941176,38.632352941176464,-32.029411764705884,-44.602941176470594,17.970588235294112,5.92818665470805
396,396,Harris County,0.3449325435998684,2.76,1124,92242,0.010694307337940112,6.2,0.05206190178012345,0.2081512974637149,4.2,136.2243160404132,20569.871722102394,5133.953910773073,90.8162106936088,0.03314174815257147,0.9668582518474286,GA,10.2,15403.0,764.9,529772.0,9.340503035268,-32.01470588235294,-10.044117647058824,-13.632352941176471,-50.20588235294117,-40.161764705882355,16.955882352941178,11.325626873447444
399,399,Henry County,0.2351152874289324,2.95,1203,79989,0.009883659717835334,8.5,0.05607614385507298,0.5213306945455192,3.8,127.89849975059792,26725.670507884945,6870.707406602121,73.7548015228448,0.8655873936733174,0.13441260632668262,GA,13.4,110213.0,600.8,3229743.0,13.777298103533314,-35.76470588235294,-5.367647058823528,51.235294117647065,-58.264705882352935,-44.17647058823529,18.294117647058822,6.811687493401178
410,410,Liberty County,0.16423248882265276,2.53,1007,51582,0.029380455609963805,15.9,0.054587885142219364,0.5421930267812026,5.3,39.06567917310978,8340.52250345894,3571.25417107512,55.34304549523888,0.7415360442931428,0.2584639557068572,GA,10.7,24924.0,469.0,1140652.0,3.8737288568292523,-30.75,-22.625,-40.75,-34.125,-40.25,13.5,5.961502719497269
423,423,Muscogee County,0.25585838178094805,2.59,919,60074,0.02083591033411674,20.7,0.0754080118694362,0.5665605730079339,5.1,85.81542532270177,19473.971875015966,5896.7456543170765,111.35573047826773,0.9743983553029388,0.025601644697061315,GA,13.3,72942.0,951.9,3430505.0,11.617771478310047,-26.823529411764717,-2.044117647058824,21.294117647058822,-45.970588235294116,-36.1764705882353,12.573529411764708,13.525705399059325
430,430,Pierce County,0.3253405221339387,2.71,619,50819,0.016316685584562996,22.1,0.11061089881170497,0.14270129870129866,3.5,246.59645517595683,35448.240431543796,10023.118417672747,179.80991523246846,0.21813173052842474,0.7818682694715753,GA,8.2,8385.0,1051.3,317898.0,9.12300333597569,-32.45588235294117,-6.117647058823527,31.764705882352942,-29.70588235294117,-41.29411764705883,15.558823529411766,11.324387067549967
433,433,Pulaski County,0.40059669107675616,2.62,639,55422,0.013561160835367507,22.2,0.11454979748675875,0.3988052781740371,2.3,107.74894495824728,20903.29532189997,6348.208673790071,287.33051988865935,0.3700252378178994,0.6299747621821006,GA,7.2,3636.0,1027.6,198318.0,6.462193471091883,-26.02941176470589,-1.1764705882352942,35.6764705882353,-28.794117647058826,-34.044117647058826,12.088235294117649,10.084813279682127
436,436,Richmond County,0.2754621848739496,2.69,880,51440,0.015952380952380954,23.0,0.10224763571220263,0.6287676119136794,5.1,242.94136817468075,29514.413533611827,8723.66900719936,140.23444829595394,0.9172255620808284,0.08277443791917156,GA,12.2,81080.0,964.9,3584953.0,10.845984235776589,-27.882352941176467,-2.323529411764706,9.294117647058824,-29.720588235294123,-35.132352941176464,12.044117647058822,11.157747395851493
438,438,Seminole County,0.3862622658340767,2.44,610,44347,0.05292893250074338,23.7,0.09839259620068193,0.3786804470616513,3.1,148.33127317676144,24029.666254635362,9517.923362175523,160.69221260815826,0.25474254742547425,0.7452574525745257,GA,7.1,2972.0,1297.9,160416.0,6.732872431677637,-36.95588235294117,-14.588235294117649,-15.985294117647054,-52.720588235294116,-46.441176470588225,17.88235294117647,14.961101137043688
472,472,Ada County,0.2543538329304944,2.58,1102,84884,0.016434673758169746,10.8,0.031459815010653536,0.09521526806450276,2.6,224.2585451849821,22986.500881460674,8659.286899355673,80.3593120246186,0.9622125652940032,0.0377874347059967,ID,12.2,256201.0,616.7,6674317.0,15.908059701449606,-31.632352941176467,-4.0588235294117645,80.88235294117645,-40.04411764705883,-43.470588235294116,14.470588235294118,6.172916269934436
524,524,Cook County,0.27286690181267964,2.59,1273,80744,0.03316704764647778,14.4,0.08818880666011958,0.4332131332028413,4.6,328.9948241176662,15425.243867607544,8284.246557388762,172.5941331198025,0.9995638332953426,0.0004361667046573523,IL,18.1,2541433.0,797.2,94396318.0,20.282557167981913,-45.13235294117647,-13.544117647058822,-16.205882352941178,-57.161764705882355,-49.33823529411765,19.647058823529417,5.915484966267433
527,527,DeKalb County,0.2253735255570118,2.62,1078,81027,0.0163826998689384,16.6,0.04611711359235963,0.16017668589387346,4.3,331.7540063109526,14276.862064692032,6941.094597557604,84.84513379791605,0.7936415199980525,0.20635848000194748,IL,15.0,48324.0,650.8,1794860.0,13.123862106682415,-34.882352941176464,-9.529411764705884,27.661764705882355,-37.77941176470589,-47.264705882352935,18.147058823529417,6.908616828053441
530,530,DuPage County,0.2803661706404193,2.67,1539,114001,0.02179170398289337,6.4,0.0476137454028616,0.2317966546832282,2.8,273.04612204078137,15311.38634834401,7330.096508801945,122.32899673969929,0.9995592103970194,0.0004407896029805238,IL,14.7,481858.0,631.1,16499374.0,15.353054382875376,-47.38235294117647,-12.117647058823529,3.4852941176470584,-56.45588235294117,-50.764705882352935,21.5,3.8546916992123457
551,551,Kane County,0.269576980243491,2.93,1388,95005,0.03712486848477763,9.4,0.10027463900102204,0.2700404233537081,3.3,263.71000914720616,16404.11492797749,8465.955300777794,124.34189889989351,0.9618944558273412,0.03810554417265871,IL,16.8,244269.0,564.4,8725806.0,14.930749698308675,-41.632352941176464,-9.147058823529411,52.79411764705882,-38.95588235294117,-43.029411764705884,17.691176470588232,6.1426990240213915
555,555,Lake County,0.2754243830295545,2.78,1520,108478,0.02289514955997432,7.9,0.061718415394083084,0.2421532974184324,3.5,251.53079170465242,14092.615590027775,7503.427681308191,125.4782602453574,0.985179209404172,0.01482079059582805,IL,14.7,333459.0,590.2,12335472.0,12.508405143410807,-42.1764705882353,-6.220588235294117,25.5,-44.485294117647065,-47.485294117647065,19.308823529411768,5.609838034572167
572,572,Mercer County,0.3397790055248619,2.36,778,74262,0.004604051565377533,9.6,0.055924479166666666,0.02957213419719029,2.7,544.1471788559953,16091.209431884434,7494.979594480794,181.38239295199844,0.22886653982060345,0.7711334601793965,IL,15.7,7239.0,1057.2,297011.0,23.447934345865974,-54.470588235294116,-12.691176470588234,4.029411764705882,-68.61764705882354,-51.102941176470594,21.029411764705888,5.387005868469519
578,578,Peoria County,0.28909396202203325,2.42,855,73080,0.01396529834955565,15.6,0.0604244399047796,0.27292225201072384,4.6,415.22723086968887,20439.8953002305,8178.971866122702,128.92135797163732,0.8672230652503794,0.13277693474962066,IL,19.2,75105.0,961.7,3326763.0,22.188988222785934,-38.867647058823536,-1.5294117647058822,20.47058823529412,-27.308823529411764,-39.338235294117645,14.397058823529413,3.727346973619702
588,588,St. Clair County,0.2759809807405985,2.48,919,75024,0.01212237644685654,14.8,0.05964065266836899,0.3592388445440615,4.2,429.7497747279407,21783.23051685497,8316.582334049583,157.8829817548886,0.9053583256630164,0.09464167433698356,IL,15.9,116380.0,959.1,4737809.0,19.295169455332626,-34.5,-4.323529411764706,36.76470588235294,-19.852941176470583,-40.911764705882355,15.191176470588234,7.429594565758138
653,653,Marion County,0.2276303987023241,2.51,924,62678,0.019089156134687587,17.8,0.0911347426478472,0.3826125233619332,4.2,352.06960113292587,24661.044887837423,8281.514687190931,132.90731114617523,0.9949193752961504,0.005080624703849596,IN,14.1,459340.0,849.9,16087021.0,16.81743280735445,-36.897058823529406,-9.044117647058824,13.941176470588234,-36.51470588235294,-41.5,14.691176470588234,4.15241578910104
657,657,Monroe County,0.23457500359557024,2.36,921,77074,0.0152452178915576,23.5,0.04507214758678761,0.1391155324625668,3.4,218.28324271883903,14471.370535804517,6018.284590146263,70.73993976999414,0.7721082105334394,0.22789178946656066,IN,10.1,65651.0,609.9,2392626.0,7.848704961870344,-28.044117647058826,-16.705882352941178,15.264705882352946,-36.77941176470589,-34.411764705882355,12.397058823529413,4.0123278774033215
707,707,Calhoun County,0.35672937771345875,2.16,579,68072,0.016883743367100818,12.6,0.043811002661934335,0.04382183908045978,1.3,124.12081092263136,9433.181630119983,12567.232105916426,93.09060819197352,0.0,1.0,IA,7.8,4154.0,1415.9,183696.0,14.568363562625208,-35.647058823529406,-6.647058823529411,18.176470588235293,-25.52941176470589,-45.63235294117647,15.970588235294118,4.355021339604564
714,714,Clarke County,0.29653401797175866,2.35,780,63623,0.047496790757381266,12.9,0.08294020844761382,0.04423076923076919,2.0,127.72751463544438,26950.50558807876,8206.492815327301,74.50771687067589,0.5205580029368576,0.4794419970631424,IA,10.8,4851.0,1135.0,165987.0,20.433077048202573,-38.867647058823536,-14.044117647058822,-31.985294117647058,-53.470588235294116,-44.691176470588225,16.11764705882353,7.229481826890058
715,715,Clay County,0.3250138657792568,2.2,759,67620,0.01136993899057127,10.9,0.04465016688708357,0.047190179507741625,2.7,674.3256743256743,16558.44155844156,10320.929070929069,118.63136863136863,0.6577772264946663,0.34222277350533364,IA,10.4,8595.0,1108.6,302454.0,16.98048881152175,-27.426470588235286,-1.1176470588235294,102.76470588235294,-15.897058823529413,-41.897058823529406,16.029411764705884,3.9675454779900408
719,719,Dallas County,0.20988982237855752,2.52,1261,111131,0.01939009854937644,5.2,0.02865458577318873,0.09432944121057653,2.0,115.56611344740138,19042.727360277357,9353.36479299755,73.83390581361755,0.6866837857666911,0.31331621423330885,IA,7.8,48310.0,586.4,1087373.0,10.577389271206844,-34.176470588235304,-10.352941176470589,-10.632352941176473,-39.54411764705883,-41.9264705882353,16.75,5.885744818015528
720,720,Davis County,0.3331234256926952,2.77,759,80203,0.0670654911838791,9.9,0.10383695775930776,0.023542600896861,2.0,1200.0,13733.333333333336,7577.777777777777,233.33333333333331,0.0,1.0,IA,7.4,4146.0,1021.9,155987.0,10.26694158615782,-26.426470588235286,3.882352941176471,44.720588235294116,-23.117647058823533,-42.720588235294116,15.117647058823529,5.128632514247983
725,725,Dubuque County,0.2886417168280555,2.43,888,79655,0.010808688824914944,11.4,0.047525601844405116,0.07420964715101774,2.6,246.6319326694824,14390.973271264296,11539.291549773408,152.08969181284746,0.7525352365792919,0.2474647634207081,IA,12.9,53890.0,933.5,1666250.0,21.767953857464367,-29.514705882352942,16.823529411764707,15.117647058823529,-45.147058823529406,-33.867647058823536,13.323529411764708,4.081020255063766
738,738,Howard County,0.3346456692913386,2.36,705,68814,0.005774278215223097,9.0,0.057482766288636876,0.01896813353566007,1.6,524.13190652981,23192.836863944092,8855.645337409915,207.46887966804985,0.3906572017403251,0.6093427982596749,IA,11.1,5350.0,1212.6,173758.0,24.82836847799813,-48.735294117647065,-26.39705882352941,41.897058823529406,-29.94117647058824,-57.08823529411765,24.617647058823533,4.60410455921454
752,752,Lucas County,0.33990813293704397,2.29,689,69388,0.004863550391786004,11.8,0.05286343612334802,0.009087731562390731,2.1,279.0697674418605,32511.627906976748,7500.0,93.0232558139535,0.4511562057574328,0.5488437942425672,IA,7.2,4622.0,1208.6,163915.0,12.166398831101484,-36.132352941176464,-8.397058823529411,67.16176470588235,-16.529411764705884,-40.54411764705883,15.176470588235292,12.201445871335752
768,768,Plymouth County,0.2987317073170732,2.41,760,80779,0.008975609756097559,9.1,0.04511612851015618,0.0548109143130685,1.2,1191.5637288000953,16967.86749811336,13818.167374985105,266.1158994320213,0.3808530805687204,0.6191469194312796,IA,7.4,14599.0,972.1,448425.0,13.735167639181581,-34.588235294117645,-12.294117647058822,90.01470588235294,-34.882352941176464,-44.470588235294116,19.029411764705888,14.272174834141722
770,770,Polk County,0.23392155401015985,2.51,1065,83465,0.025836270886803903,10.4,0.05586952737216205,0.15976455968574602,3.0,139.54598591075177,16747.966484481633,9170.252223249096,89.76642368527894,0.9570069460447048,0.04299305395529512,IA,12.7,274935.0,721.4,7517615.0,17.914135801181622,-35.25,2.323529411764706,77.30882352941177,-31.573529411764717,-41.45588235294117,15.617647058823529,4.895169545128342
869,869,Scott County,0.2704626334519573,2.46,849,75917,0.00813421453990849,6.0,0.10167736591426796,0.05755541997152736,0.7,995.2311839104292,19904.623678208583,10947.543023014721,269.54177897574124,0.7473780209758322,0.25262197902416783,KS,3.6,2594.0,1117.7,88305.0,6.665089195402301,-25.64705882352941,-0.1176470588235294,70.32352941176471,-5.294117647058823,-36.6764705882353,13.220588235294118,4.529754827019987
892,892,Bell County,0.3523155120481928,2.44,431,32386,0.024661144578313254,35.5,0.21340265742345466,0.047030719271397126,3.9,414.8740012292563,27335.586969883218,8293.638598647818,115.24277811923788,0.3943287213015053,0.6056712786984948,KY,16.3,8732.0,1305.3,518183.0,19.09240459991933,-22.294117647058826,-6.897058823529411,32.19117647058823,-22.308823529411764,-35.779411764705884,12.808823529411766,5.403496448165996
906,906,Clay County,0.30923642088690634,2.48,413,35507,0.0356861716085017,36.6,0.25375731688024045,0.06446386488609579,3.4,180.8954323903321,43957.59007085071,10094.970102004925,60.298477463444044,0.1500845070422535,0.8499154929577465,KY,17.8,5440.0,1088.3,405569.0,14.714425451649413,-27.426470588235286,-1.1176470588235294,102.76470588235294,-15.897058823529413,-41.897058823529406,16.029411764705884,5.917612046285589
914,914,Gallatin County,0.2888888888888889,2.77,708,56276,0.015136876006441225,14.8,0.1256027284487828,0.07050474991415823,3.3,270.60547976096507,14612.695907092118,5626.3389333633995,135.3027398804826,0.0,1.0,KY,15.0,3979.0,1070.2,149504.0,23.32759545028895,-41.75,-14.617647058823529,33.76470588235294,-51.397058823529406,-40.102941176470594,14.058823529411766,10.702054794520548
973,973,Shelby County,0.3010707410972088,2.75,937,78785,0.030678537054860438,11.2,0.09070211197363286,0.13016376122556786,2.5,48.9556135770235,19166.122715404694,7031.25,59.154699738903396,0.5174033481874022,0.4825966518125978,KY,15.6,24680.0,776.9,716974.0,24.523147232675107,-27.308823529411764,-2.0294117647058822,-20.926470588235293,-19.602941176470583,-34.161764705882355,12.705882352941178,10.600105443154144
1003,1003,Baltimore County,0.3130655558355315,2.58,1367,95382,0.01700375415844016,9.0,0.0592694497036218,0.3944298312355529,3.2,288.62540338663473,12187.533993255734,5209.640185165041,125.33691093464836,0.940379355346193,0.05962064465380696,MD,10.5,429298.0,962.4,14324819.0,14.738260772942402,-34.72058823529412,-10.323529411764708,55.36764705882353,-44.29411764705883,-45.38235294117647,19.23529411764705,7.036738125626577
1006,1006,Carroll County,0.3088811349945686,2.7,1563,113063,0.010155041311432241,5.2,0.04707784285017082,0.08446681256298483,2.2,185.2214643181535,12830.148355269017,3644.469773875463,106.26487856714571,0.6073454475531199,0.3926545524468801,MD,9.0,90237.0,817.4,2943683.0,11.927109178807635,-21.352941176470583,-16.823529411764707,43.352941176470594,-35.470588235294116,-45.63235294117647,18.48529411764705,4.212410099864694
1013,1013,Howard County,0.2581413681352369,2.77,1949,144807,0.020539546290619253,5.0,0.029575060073352723,0.4301140016621976,2.7,81.05867542755382,11683.502717307869,4013.018514538365,57.72360219840953,0.9180011346790872,0.08199886532091287,MD,8.1,174514.0,475.8,5034959.0,6.233767093952503,-48.735294117647065,-26.39705882352941,41.897058823529406,-29.94117647058824,-57.08823529411765,24.617647058823533,4.448894221382934
1015,1015,Montgomery County,0.2887990295188031,2.79,1905,130754,0.031783259199353014,6.8,0.06195413132265159,0.4692572326622138,3.2,193.01638545410248,14054.790765669732,5029.276055308522,115.2578120241213,0.9777550178901584,0.022244982109841584,MD,8.4,540940.0,567.1,17134120.0,6.517009040207492,-47.42647058823529,-23.544117647058826,23.514705882352942,-59.08823529411765,-56.17647058823529,24.44117647058824,4.762427250421966
1016,1016,Prince George's County,0.26743173927147873,2.86,1669,98084,0.039634743674982265,8.5,0.09108714959662033,0.8340629711556451,4.3,200.5879073204689,16812.4338109393,6765.003128687479,127.0170136815469,0.9800689861113652,0.019931013888634958,MD,9.7,499088.0,633.0,15414895.0,7.746973437833987,-31.794117647058826,-15.544117647058822,22.632352941176467,-56.04411764705882,-47.985294117647065,21.38235294117647,6.383436280299022
1029,1029,Hampden County,0.3108464355183003,2.53,1072,72079,0.019752205681545846,16.4,0.0958521810438325,0.18558748030974348,3.6,360.2274579091369,26468.998996509214,6818.162325354009,239.7227963942947,0.9127618056458956,0.08723819435410432,MA,17.9,203565.0,962.6,8327114.0,23.55529426749772,-35.897058823529406,-9.323529411764708,39.588235294117645,-38.352941176470594,-41.808823529411775,15.161764705882351,6.9651982667704555
1031,1031,Middlesex County,0.2811904352199926,2.55,1859,128001,0.019234460210726955,7.4,0.04588449148047042,0.23335906978952325,2.6,270.2737918184476,21053.80719352683,5584.107206122235,180.55480582912816,0.9727027927922042,0.027297207207796027,MA,12.8,802894.0,741.6,27001184.0,15.745024364324172,-51.352941176470594,-24.470588235294123,2.676470588235294,-67.38235294117646,-58.08823529411765,25.014705882352942,6.192321047847383
1032,1032,Norfolk County,0.31042593290614395,2.57,1897,129076,0.01719185827365247,6.3,0.04166086598445759,0.22420717352167285,2.9,251.2822326765944,20343.673729263202,4773.654982137173,194.8286229705352,0.988977618647798,0.011022381352202073,MA,15.4,351249.0,839.0,12005975.0,21.477695241327748,-46.63235294117647,-18.058823529411768,42.558823529411775,-59.602941176470594,-55.36764705882353,23.911764705882355,5.863747009301617
1034,1034,Suffolk County,0.22780495991531224,2.41,1709,80142,0.03450768773963672,18.2,0.09853075741095632,0.4477049478725341,4.4,211.9648168258269,25635.80115610388,7895.4406417657765,181.48865478220745,1.0,0.0,MA,15.7,410886.0,689.5,12951627.0,17.302456635525406,-61.86764705882353,-25.52941176470589,-27.89705882352941,-76.63235294117645,-59.235294117647065,24.838235294117645,6.516555796426194
1035,1035,Worcester County,0.2852515397595104,2.56,1315,96393,0.0185545457185168,10.1,0.06301995131742967,0.16322814062553048,3.3,434.8548437195259,25644.878175632235,6227.261016443101,201.89689172692272,0.8267776050528172,0.1732223949471829,MA,15.6,403488.0,856.4,14188803.0,20.968370134901445,-38.191176470588225,-16.102941176470587,30.14705882352941,-42.6764705882353,-45.102941176470594,18.294117647058822,7.780783199259304
1128,1128,Clay County,0.22902643244130685,2.46,1036,84966,0.0161714004268593,12.3,0.03181080764663578,0.09417457365318538,2.0,168.16667185699606,10893.463299180969,10015.259568372208,121.45370745227491,0.7142618640176969,0.2857381359823031,MN,3.6,35278.0,741.8,1017284.0,2.8811548051478244,-27.426470588235286,-1.1176470588235294,102.76470588235294,-15.897058823529413,-41.897058823529406,16.029411764705884,4.718446372890952
1139,1139,Hennepin County,0.2392929551404445,2.4,1318,105514,0.026352774442454187,10.4,0.045942481415243784,0.2794892108678744,2.8,186.75301755430957,10720.760789450193,7256.745109780596,115.4171567880061,0.9812510672877054,0.01874893271229457,MN,9.0,699395.0,687.8,20721321.0,10.075276781533377,-47.54411764705882,-15.926470588235292,52.970588235294116,-65.30882352941177,-51.75,20.72058823529412,5.076896400572144
1170,1170,Ramsey County,0.2649359222743646,2.53,1133,85923,0.04328296092191559,14.0,0.06550932643854049,0.3365206945827104,3.1,290.0125563080456,10913.63040843435,7160.366404334925,132.4681413211562,0.9982228115489624,0.001777188451037537,MN,9.2,287111.0,765.0,9236818.0,10.153522967000107,-46.0,-10.205882352941176,41.77941176470589,-30.470588235294123,-46.45588235294117,18.36764705882353,7.361842573925348
1178,1178,Scott County,0.20804785868752398,2.9,1574,116804,0.02637482568362336,5.5,0.03335147050616664,0.16039924281535026,2.3,177.16575063920598,12143.906907451026,7909.377034218493,62.410662156993006,0.8306807571513454,0.1693192428486546,MN,9.2,83010.0,421.3,2171258.0,7.779605454073168,-25.64705882352941,-0.1176470588235294,70.32352941176471,-5.294117647058823,-36.6764705882353,13.220588235294118,5.342524932550623
1194,1194,Adams County,0.3746551570703924,2.56,561,39506,0.008721188929429562,31.5,0.13207875936574315,0.5907375423783023,4.6,508.2592121982209,14192.161079073403,6516.14374613104,211.7746717492588,0.67569596069869,0.32430403930131,MS,17.0,10364.0,1260.6,590035.0,19.219702375621786,-31.970588235294123,-8.514705882352942,5.588235294117646,-20.102941176470583,-39.9264705882353,16.044117647058822,10.846814172040641
1205,1205,Clarke County,0.3445566778900112,2.52,523,58222,0.016193682860349532,19.1,0.1180373891405602,0.3641090678503488,3.7,386.0755421144072,22701.241876327134,8693.134289942733,386.0755421144072,0.0,1.0,MS,13.5,5390.0,1192.7,303861.0,14.513399080500625,-38.867647058823536,-14.044117647058822,-31.985294117647058,-53.470588235294116,-44.691176470588225,16.11764705882353,14.480305139521027
1210,1210,DeSoto County,0.2555255207505168,2.83,1040,79070,0.022992526633805056,9.2,0.061395495708856336,0.33256041346556786,3.6,317.93235826867453,28613.912244180698,9038.903457784749,90.83781664819271,0.7979686536651848,0.2020313463348152,MS,11.4,80876.0,706.6,2626087.0,11.881652037270666,-23.220588235294123,3.4411764705882355,11.058823529411764,-11.558823529411766,-33.617647058823536,12.794117647058822,5.483443617823782
1223,1223,Jackson County,0.29984930278694466,2.69,843,65797,0.014516529004444613,16.2,0.07583779257093383,0.2923596673596673,4.7,250.6667038024746,19493.513999039107,6960.17880891538,119.76298070562677,0.7474486823047597,0.2525513176952403,MS,21.0,56265.0,888.7,2466943.0,23.12703900150916,-17.235294117647058,-2.367647058823529,0.6617647058823529,-20.38235294117647,-36.941176470588225,12.779411764705882,7.620767889651282
1254,1254,Scott County,0.3139489194499018,2.76,553,50426,0.03241650294695481,25.5,0.16974116974116973,0.4278201327121276,3.8,426.6818375764472,21803.441900156453,8487.412885791495,152.89432513156024,0.2518744551002616,0.7481255448997385,MS,9.9,11537.0,983.3,507678.0,9.541539729316618,-25.64705882352941,-0.1176470588235294,70.32352941176471,-5.294117647058823,-36.6764705882353,13.220588235294118,7.8790099236129985
1365,1365,St. Louis County,0.30746778198155594,2.41,1087,88604,0.010330456372664932,9.7,0.04405859455029707,0.32059876479433136,3.0,428.4830593288103,18226.824447674284,7750.614812840409,155.60171192057976,0.989516747634876,0.01048325236512401,MO,9.1,512721.0,946.5,18085699.0,11.457616988732367,-39.088235294117645,-10.279411764705884,31.117647058823533,-51.67647058823529,-46.61764705882353,17.61764705882353,5.462879814598264
1406,1406,Richland County,0.2782800441014333,2.45,759,86250,0.036824696802646086,5.8,0.05141318977119785,0.06732743994999557,1.6,333.2407664537629,18661.48292141072,8645.746551883736,111.08025548458762,0.5613186813186813,0.43868131868131865,MT,11.2,5475.0,977.7,180224.0,19.95934969815341,-30.367647058823533,-4.602941176470588,-21.5,-18.352941176470583,-39.132352941176464,14.75,4.438920454545454
1435,1435,Dakota County,0.2732306861156132,2.69,794,67759,0.06861156131820638,16.2,0.1449552358917614,0.3121003321271005,2.8,299.61050634175575,13722.161190452407,17961.649855188254,279.63647258563867,0.7617612370593632,0.2382387629406369,NE,7.7,10657.0,780.7,369817.0,7.716607202210822,-34.70588235294117,-9.867647058823527,82.22058823529412,-30.382352941176467,-46.529411764705884,19.19117647058824,29.20363314828685
1439,1439,Douglas County,0.23116925997771265,2.51,1099,84036,0.02024204236429256,12.0,0.0609582702876344,0.2082241530313922,2.8,197.43509408797416,20522.747918442506,10116.623229779092,96.96723592618588,0.9770789689407048,0.022921031059295008,NE,10.5,304076.0,736.3,9078145.0,13.293171082109833,-33.176470588235304,-1.8676470588235288,15.161764705882351,-31.088235294117645,-38.558823529411775,15.176470588235292,5.816166188136452
1448,1448,Howard County,0.35404411764705884,2.36,773,73902,0.01213235294117647,7.9,0.035691922354414526,0.03443976936263049,2.4,1117.145073700543,13591.931730023272,7571.761055081458,217.22265321955,0.0,1.0,NE,10.2,3484.0,1061.0,115077.0,17.538709768242132,-48.735294117647065,-26.39705882352941,41.897058823529406,-29.94117647058824,-57.08823529411765,24.617647058823533,17.379667526960212
1460,1460,Pierce County,0.300463269358041,2.32,677,77889,0.0029781601588352085,8.0,0.027438586409998564,0.02897536394176936,1.5,335.75825405707894,12255.17627308338,7946.278679350867,279.79854504756577,0.0,1.0,NE,4.8,4217.0,1067.1,133354.0,7.794973691827768,-32.45588235294117,-6.117647058823527,31.764705882352942,-29.70588235294117,-41.29411764705883,15.558823529411766,5.999070144127661
1470,1470,Thurston County,0.2918198529411765,3.28,590,57204,0.11397058823529413,25.5,0.058989159510066176,0.6166272106948893,8.8,332.2259136212625,17607.97342192691,10132.890365448504,124.58471760797342,0.0,1.0,NE,9.8,3289.0,1061.5,125671.0,1.9446741491672697,-34.55882352941177,-9.294117647058824,14.147058823529413,-31.264705882352942,-46.470588235294116,16.36764705882353,12.73165646807935
1491,1491,Hillsborough County,0.2718858249630632,2.51,1449,100503,0.01952373266453944,7.8,0.05453063039691658,0.10565932669144262,2.8,356.8131406989988,22893.591511300285,5195.132186319765,117.01936334752114,0.7998229480948854,0.20017705190511464,NH,17.2,228030.0,735.3,7140546.0,23.669313617193986,-47.0,-15.954545454545455,39.68181818181818,-43.04545454545455,-44.09090909090909,19.181818181818183,8.234664408015858
1497,1497,Bergen County,0.3229750247163505,2.71,1914,122981,0.024592768702038508,6.7,0.05181480056431961,0.2840357269532132,2.7,234.2839856597604,17136.20009397105,6340.0421796992505,257.1331106348195,0.9990890722726086,0.0009109277273913985,NJ,15.5,477518.0,795.5,16267061.0,20.92323560008781,-60.161764705882355,-17.308823529411768,10.514705882352944,-55.88235294117647,-57.514705882352935,26.220588235294123,11.114484663209907
1498,1498,Burlington County,0.3163812946613699,2.61,1587,105488,0.014075280513970109,6.1,0.04136819608105336,0.2797945712606181,3.7,234.42289081147598,22167.783019609346,6166.848920734076,147.97383624977266,0.93691313384392,0.06308686615608006,NJ,13.4,230986.0,842.8,7986957.0,16.550023437361688,-51.57352941176471,-14.764705882352946,35.20588235294117,-37.1764705882353,-48.63235294117647,20.544117647058822,9.3652689002833
1499,1499,Camden County,0.29809000816509496,2.67,1369,88575,0.02202440989844329,12.2,0.07602028060841826,0.36416451894272783,4.4,400.4177929239779,21461.44596630409,7081.748017161891,180.06954001314983,0.9835466446768126,0.016453355323187424,NJ,16.2,259701.0,904.9,9199988.0,21.099248958520374,-46.779411764705884,-14.529411764705882,0.8823529411764706,-55.764705882352935,-45.70588235294117,18.558823529411768,10.956536030264386
1501,1501,Cumberland County,0.3044412466242189,2.74,1159,66085,0.037611622543318415,16.5,0.13287833912807084,0.3193356417784683,4.1,489.54369444983183,27462.598727988927,7324.429701659234,170.53776241080206,0.7792205466203389,0.22077945337966115,NJ,16.5,67714.0,970.9,2749518.0,20.75468413620133,-27.2,-17.4,-8.2,-51.3,-36.3,12.5,11.638403531091633
1502,1502,Essex County,0.26784490115701554,2.71,1467,80523,0.046154707108580384,15.8,0.09198663859620172,0.5706383171319229,5.3,235.80212146813102,17847.366938890453,7198.0975625019555,307.7693294533621,0.9998242553218684,0.00017574467813161038,NJ,16.8,366044.0,803.7,14200047.0,16.67759254979931,-54.647058823529406,-17.558823529411768,-4.147058823529412,-74.19117647058823,-50.147058823529406,22.735294117647058,12.563338698808534
1503,1503,Gloucester County,0.3014641400083883,2.73,1578,105658,0.00939871125176345,7.4,0.048947859510347316,0.18557862380437207,3.7,460.8484549232605,22495.165205941652,6474.509319837058,150.87300607606744,0.91666363073336,0.08333636926663995,NJ,15.8,153658.0,856.4,5015173.0,22.22436322463852,-45.264705882352935,-14.617647058823529,25.470588235294123,-22.426470588235293,-45.397058823529406,18.61764705882353,5.662815619720397
1504,1504,Hudson County,0.2284804962276336,2.56,1539,76019,0.07704831181286279,15.2,0.10731716902389883,0.4524241619232112,3.6,226.65383683005868,22824.219836374967,8069.114547934162,263.09096939132144,1.0,0.0,NJ,16.0,358627.0,651.9,11389431.0,17.817290525610982,-53.191176470588225,-17.647058823529417,-26.470588235294123,-69.44117647058823,-59.411764705882355,25.794117647058826,11.37897055612348
1506,1506,Mercer County,0.2960149612116734,2.7,1550,105309,0.0201868612239872,11.6,0.07678559250755837,0.3707008550725426,3.9,248.21054350488532,15480.499687015215,6057.208175706937,207.93076232207497,0.9665570060557802,0.03344299394421977,NJ,10.9,202050.0,790.5,6536429.0,11.973366076492225,-54.470588235294116,-12.691176470588234,4.029411764705882,-68.61764705882354,-51.102941176470594,21.029411764705888,9.301715049608893
1507,1507,Middlesex County,0.2969982982754689,2.79,1680,107149,0.042557148120208416,8.5,0.07157738319352197,0.42104077876791945,3.3,328.70257023108564,21615.830083072546,6752.219833176176,216.10497150517173,0.9932259158751696,0.006774084124830393,NJ,14.2,423155.0,704.4,14337992.0,15.861893455234174,-57.441176470588225,-19.955882352941178,30.867647058823533,-63.33823529411765,-53.941176470588225,24.426470588235286,11.772917714000675
1508,1508,Monmouth County,0.32396053738496444,2.61,1865,124778,0.013842506436892957,6.9,0.0453448026718493,0.17613836524525506,3.3,374.27581024410347,25109.44658570285,6744.721596005139,184.22902576782292,0.9669517433535854,0.033048256646414614,NJ,15.6,321846.0,850.3,11262513.0,20.921274667722926,-54.470588235294116,-12.573529411764708,56.04411764705882,-49.735294117647065,-49.441176470588225,21.44117647058824,9.198657528741588
1509,1509,Morris County,0.3103131666336786,2.66,2047,141633,0.015652833674209936,4.8,0.037836959383845695,0.18466533841124166,2.9,253.7384745194116,17683.619839583607,5550.935762282833,205.55256229096557,0.9372004087609695,0.06279959123903035,NJ,13.0,247877.0,726.8,8774613.0,14.515854037688046,-58.20588235294117,-18.029411764705888,19.602941176470583,-54.04411764705882,-55.647058823529406,24.926470588235286,9.709829937798963
1511,1511,Passaic County,0.3074068029184725,2.99,1552,81873,0.06730984289332584,15.7,0.10791272636372616,0.36039846159039146,2.9,349.1249955163742,19087.093932956843,9343.477619732736,303.690920757394,0.9742109271109192,0.025789072889080847,NJ,19.8,249112.0,758.0,8967937.0,24.90898608765873,-55.32352941176471,-15.735294117647054,20.16176470588235,-45.029411764705884,-50.29411764705882,22.544117647058826,14.094657444627455
1512,1512,Salem County,0.3384448251368403,2.57,1212,87294,0.014457025863869969,12.4,0.07549312224240852,0.19960311160501665,3.7,365.47246934359225,23736.475114210152,6049.531137292618,193.95688066041515,0.580771054455265,0.4192289455447349,NJ,14.4,29409.0,1099.3,1170323.0,20.690575132933386,-32.338235294117645,-4.191176470588236,4.897058823529412,-17.411764705882348,-37.48529411764706,14.073529411764708,16.405727307760337
1513,1513,Somerset County,0.28758894350765274,2.75,1958,137981,0.015237789039960063,5.1,0.03717891356178405,0.3371715812004681,3.2,266.31482303440816,15311.278250348096,5324.7763989128525,214.63272267384946,0.9419461206721516,0.05805387932784847,NJ,12.4,164019.0,674.9,5710258.0,12.484286432662065,-56.0,-13.0,13.375,-46.25,-56.95833333333334,26.41666666666667,10.367307396618509
1514,1514,Sussex County,0.30520235550054386,2.61,1725,109397,0.0073890701774127,4.9,0.03572906115810948,0.07197331128121398,3.5,264.7912989009737,20722.054552702008,4554.837423836912,166.56226866351577,0.6092302238264821,0.3907697761735179,NJ,17.1,74516.0,728.3,2651604.0,19.484448909263985,-18.19117647058824,-3.75,53.514705882352935,-26.10294117647059,-39.088235294117645,16.794117647058822,7.240900224920463
1515,1515,Union County,0.2902246700438188,2.88,1646,94933,0.0452969737139731,9.5,0.09173120479286914,0.450879279754094,3.9,263.1479614121555,19114.895360938703,8331.580811049338,288.8516215774138,1.0,0.0,NJ,15.4,271937.0,783.3,9616619.0,17.830761823932093,-50.470588235294116,-16.088235294117652,6.514705882352941,-56.5,-50.897058823529406,23.64705882352941,11.48012622731544
1516,1516,Warren County,0.3233462380070695,2.5,1438,100654,0.011566114410753359,7.6,0.05989028904616683,0.11502711076684735,4.0,125.39542306705806,18558.52261392459,4933.169939297215,177.6435160116656,0.6449193099610462,0.3550806900389538,NJ,14.4,56731.0,860.6,1929438.0,18.42138725411234,-24.5,-14.632352941176471,20.102941176470583,-19.897058823529417,-40.25,16.426470588235293,8.085255913898244
1524,1524,Guadalupe County,0.5426300578034682,2.58,374,42438,0.007947976878612716,15.4,0.10273972602739724,0.22007810705260744,2.6,1116.279069767442,25116.279069767446,7255.813953488371,162.79069767441862,0.43543669034684496,0.564563309653155,NM,6.6,1435.0,942.7,83488.0,4.536901830203141,-18.544117647058822,-7.25,6.602941176470589,-18.08823529411765,-34.80882352941177,13.455882352941178,4.791107704101188
1525,1525,Hidalgo County,0.3984514592019059,2.49,450,52853,0.022632519356759976,25.8,0.12000956251494142,0.061903653711891986,3.6,1143.401619818961,19151.977131967607,6646.021915197713,214.3878037160553,0.0,1.0,NM,4.7,1966.0,983.8,90463.0,1.6463041420249165,-37.808823529411775,-19.558823529411768,-49.279411764705884,-43.779411764705884,-40.48529411764706,17.455882352941178,4.421697268496511
1537,1537,San Juan County,0.30103487219674097,2.88,719,57070,0.06324475073178602,21.0,0.09636065521066084,0.4770580563569538,4.9,513.0770099549849,35344.22949708773,9616.160312363863,258.15195469433195,0.6570397843578363,0.3429602156421637,NM,13.2,48362.0,698.8,2209251.0,8.887676146168994,-26.5,11.014705882352944,20.426470588235293,-33.044117647058826,-38.4264705882353,13.720588235294118,12.130808133616323
1547,1547,Bronx County,0.27227888827360075,2.76,1236,47298,0.12458989061765005,28.0,0.17517876003059255,0.7801267953853057,6.0,139.61290559135583,19802.18684578485,7063.002791552995,369.2690841322882,0.9999628830856268,3.711691437323206e-05,NY,16.8,553448.0,695.9,24839905.0,11.721832840310785,-52.352941176470594,-14.838235294117649,-29.558823529411764,-49.57352941176471,-52.279411764705884,21.279411764705888,4.895348834868732
1575,1575,Oneida County,0.3288123126302533,2.43,836,71559,0.01844442710829275,15.5,0.07539524104540969,0.14672180693080072,2.7,650.7165316109173,38722.88134481417,6898.994625466282,142.56289603841327,0.6699942407371856,0.33000575926281434,NY,15.1,100489.0,1071.0,4213662.0,22.17011902995542,-35.20588235294117,-5.470588235294118,31.220588235294123,-27.02941176470589,-37.220588235294116,13.455882352941178,6.739980567971518
1583,1583,Queens County,0.3197814443366045,2.9,1582,76998,0.0944369983515891,12.2,0.12881188386058207,0.6173841079869266,3.6,161.32338417060882,21260.0793838831,6631.296204108689,344.1654265707955,1.0,0.0,NY,16.4,1071570.0,665.8,40295056.0,15.864287920979686,-60.05882352941178,-20.705882352941178,15.602941176470587,-69.47058823529412,-60.514705882352935,27.088235294117645,3.6828339436977084
1622,1622,Chatham County,0.3976165053559743,2.43,918,83963,0.015499603899011468,10.2,0.08074067777399978,0.1909220892091172,2.5,32.227742715187325,9668.322814556197,4357.4593796159525,89.96911507989796,0.3389907140124509,0.6610092859875492,NC,8.5,32299.0,923.6,1087306.0,11.52313119581792,-31.89705882352941,-9.75,-11.691176470588234,-34.911764705882355,-38.117647058823536,13.764705882352946,11.036451560094399
1636,1636,Forsyth County,0.2840698561464691,2.48,867,67362,0.020038687881429814,16.8,0.07234773446888837,0.33924492597182804,3.4,147.53004878431577,21159.575720320696,6304.816960724048,61.99400986149439,0.9274121576826968,0.07258784231730328,NC,12.2,170784.0,868.0,6088738.0,14.997550459881834,-27.073529411764717,-7.911764705882352,60.20588235294117,-3.661764705882353,-38.8235294117647,13.529411764705882,4.138788694800138
1643,1643,Guilford County,0.2681151249834549,2.49,927,67355,0.025864393319182104,15.8,0.0736343814213463,0.44785059901338975,3.6,165.3095644986541,19475.25382836846,5529.30707740881,65.15579681816321,0.8792617089493021,0.12073829105069787,NC,14.7,239018.0,801.2,8454929.0,17.59878163177952,-32.676470588235304,-9.147058823529411,22.823529411764717,-27.45588235294117,-39.897058823529406,14.573529411764708,4.967516581156389
1662,1662,Mecklenburg County,0.19977280301242767,2.58,1202,83557,0.02306268350292024,11.6,0.06481715839975823,0.4621159170757812,3.4,172.91751474301938,22744.056861042765,6706.8579806836715,58.539783636959676,0.9894532132192416,0.010546786780758323,NC,12.8,578434.0,586.9,15573747.0,14.343353452884527,-40.941176470588225,-11.544117647058822,0.19117647058823528,-61.29411764705882,-47.147058823529406,17.514705882352942,4.931375859643796
1681,1681,Rutherford County,0.3776561855863284,2.45,576,53754,0.031143424652400407,17.9,0.11337885840274375,0.1322692532920915,3.8,1020.4538334153873,35554.75988005192,8054.722582762684,205.8810365662624,0.3643662553869768,0.6356337446130232,NC,14.0,25573.0,1220.3,1182845.0,18.837300387286586,-25.69117647058824,-2.9852941176470584,40.088235294117645,-11.926470588235292,-39.29411764705883,15.294117647058822,4.05801267283541
1692,1692,Wake County,0.2083079275911358,2.62,1259,100539,0.020411223174035164,9.1,0.046286634866761454,0.3463916137161052,2.8,55.04780254029418,19080.000107936867,4880.635316403436,33.64032377462422,0.9407561398035692,0.05924386019643069,NC,11.0,542408.0,497.4,14900755.0,10.392869777457584,-39.95588235294117,-14.867647058823529,21.397058823529417,-67.07352941176471,-50.602941176470594,19.25,4.295084376597025
1698,1698,Wilson County,0.31804835384519275,2.5,771,58723,0.03376647716623977,20.3,0.13247654478724338,0.4925646220912384,4.7,440.0924194080757,25290.644368650752,8069.583501424187,149.14243102162564,0.6236659063388809,0.3763340936611191,NC,12.9,34969.0,1002.4,1412094.0,14.248611844820525,-22.058823529411764,-3.0735294117647056,26.64705882352941,-11.588235294117649,-39.161764705882355,14.235294117647054,7.364948792360848
1706,1706,Cass County,0.1921601202484079,2.27,939,87669,0.018221853038513768,10.7,0.03274123748419208,0.12980929509817773,2.0,151.71253772200328,10534.127075740837,11283.894834627838,98.39327627622671,0.9069298478024079,0.09307015219759192,ND,9.2,103756.0,597.5,2604215.0,11.997888745744882,-30.426470588235286,-15.514705882352946,17.985294117647058,-16.941176470588232,-30.132352941176467,13.941176470588234,4.9151087755811265
1723,1723,Stark County,0.21295113382305966,2.42,929,96087,0.029942510380070262,8.8,0.05985045620738496,0.0878028377465333,1.8,266.75982088983454,10174.981739655115,13284.003937883072,149.2584712121693,0.7229622729389846,0.27703772706101537,ND,9.9,18705.0,868.7,449733.0,20.485937199404983,-30.14705882352941,-6.382352941176473,72.98529411764707,-14.794117647058822,-37.01470588235294,13.485294117647054,3.5576664376418896
1753,1753,Fairfield County,0.2920534620777792,2.69,1016,81243,0.016808960045439216,9.2,0.046696797896100116,0.12873485824533693,2.5,76.15469557160445,27164.379910391308,7515.199207991166,50.769797047736304,0.6709663128120368,0.3290336871879633,OH,14.0,75686.0,790.3,2525073.0,19.069068446337987,-42.647058823529406,-18.25,26.588235294117645,-59.55882352941178,-49.33823529411765,20.94117647058824,5.385982900296347
1755,1755,Franklin County,0.2144542836305619,2.47,1073,76424,0.022882136369946446,15.7,0.05897140662457239,0.3372624693883878,3.4,8.20197515712858,21609.47054731477,7253.2800306207055,53.46472695017149,0.9882565166753292,0.011743483324670987,OH,13.9,674112.0,751.2,20645895.0,18.027739014656426,-38.70588235294117,-13.044117647058822,26.764705882352942,-41.54411764705883,-47.014705882352935,17.588235294117652,5.637924633444081
1761,1761,Hamilton County,0.25926294267169386,2.33,960,77814,0.016008868790457275,15.8,0.05779405574855979,0.326073730102054,3.6,48.4419668906496,22167.337636839384,7313.146733898245,53.335094859402076,0.9807533310013674,0.01924666899863262,OH,14.2,396489.0,978.7,14662279.0,19.637362510330075,-37.4264705882353,-9.455882352941176,60.29411764705882,-26.764705882352942,-43.779411764705884,16.426470588235293,3.682919960805548
1773,1773,Licking County,0.301303974389006,2.65,976,79339,0.015413445771843524,10.5,0.05739584811084315,0.08583597122302156,2.8,169.62377446822947,24161.210435254605,6984.54162002013,74.63446076602095,0.6629721031591405,0.33702789684085954,OH,13.3,86987.0,868.1,2887653.0,19.22057802807332,-26.720588235294123,-4.838235294117646,22.014705882352942,-15.794117647058822,-38.632352941176464,14.514705882352946,6.510477540064543
1785,1785,Montgomery County,0.299695089333476,2.29,857,67075,0.0136229093113655,16.6,0.0670587639981472,0.2733274399533545,3.9,207.64096169362801,23770.376179970543,7684.596388476679,74.47991017271441,0.961358061034246,0.038641938965754095,OH,16.9,254723.0,1042.5,9769233.0,24.735753771560155,-33.911764705882355,-6.970588235294117,41.897058823529406,-17.014705882352942,-41.26470588235294,14.470588235294118,4.585825724496488
1907,1907,Marion County,0.3062318914247954,2.79,1086,69928,0.047950659956963015,14.2,0.09732687396042572,0.18742142438633733,3.4,162.15377007515426,13890.022943033426,4565.031136973935,66.98905749558678,0.8647517941594735,0.13524820584052652,OR,13.3,159713.0,834.6,5538657.0,16.67813218464332,-32.73529411764706,-5.9411764705882355,35.132352941176464,-21.779411764705888,-35.73529411764706,12.529411764705882,3.8998623673572856
1939,1939,Dauphin County,0.29596656329091364,2.39,999,76373,0.014499340533989234,12.3,0.0696237322777128,0.2987679224473211,3.1,521.7410051778842,20934.31884412089,5777.598913398899,136.18446347273974,0.8778383137052971,0.12216168629470292,PA,14.5,146261.0,927.1,4732278.0,22.865871644438467,-46.691176470588225,-20.36764705882353,9.441176470588236,-42.352941176470594,-44.54411764705883,17.5,7.522804027996664
1940,1940,Delaware County,0.3091379302025987,2.62,1278,96632,0.01577268801536257,10.0,0.04578990621765373,0.3125440613298285,3.6,364.183665727388,17976.275128055375,5945.510077688986,183.85628860849727,0.99545540192551,0.004544598074490135,PA,14.7,296432.0,1000.2,10014139.0,23.004846400953692,-38.088235294117645,-15.367647058823529,40.23529411764706,-49.661764705882355,-50.29411764705882,20.529411764705888,6.590681435518321
1953,1953,Lancaster County,0.3157772046423966,2.63,1085,78641,0.01965578811625831,10.1,0.1004955738821215,0.11549559241329466,2.5,406.79904127361084,22046.30912329309,6050.1279034823465,150.25910533529768,0.8198194647010131,0.18018053529898687,PA,14.7,277205.0,894.5,9108737.0,23.247759938068253,-42.308823529411775,-15.985294117647054,38.01470588235294,-46.61764705882353,-41.6764705882353,17.426470588235293,5.928374043514485
1962,1962,Montgomery County,0.3127486511957395,2.53,1522,113038,0.011384983207149769,5.9,0.03672992132953215,0.2093495811600308,2.9,335.05232183797375,18380.2193966892,5106.779875197824,152.3621549737338,0.9717960919152072,0.02820390808479285,PA,13.6,437696.0,907.3,14184973.0,20.968955247161905,-47.83823529411765,-25.39705882352941,33.69117647058823,-62.54411764705882,-54.75,22.794117647058826,4.934799664405424
1967,1967,Philadelphia County,0.2645205600187582,2.55,994,55121,0.02797765645553159,24.3,0.10481952116784138,0.5933948672482308,5.6,401.4989293361884,13991.10136964163,6449.739404468506,170.00575734313762,1.0,0.0,PA,17.0,739062.0,1016.9,27380271.0,21.904042291780094,-47.161764705882355,-18.073529411764707,-32.39705882352941,-56.720588235294116,-50.102941176470594,18.97058823529412,6.267286397567066
1983,1983,York County,0.3078917301256808,2.53,1088,78786,0.014742983743279531,9.6,0.06822785129521437,0.11581924073928608,2.9,569.1915075558169,25290.274307550473,6160.228745507262,117.80215473279621,0.7565357556626425,0.2434642443373575,PA,14.8,240179.0,860.9,7521904.0,22.898390383113107,-35.529411764705884,-12.779411764705882,56.941176470588225,-47.5,-41.867647058823536,16.985294117647058,5.10509041327834
1996,1996,Berkeley County,0.2579571025350867,2.75,1094,72504,0.018808288133609085,11.9,0.0707095122991611,0.3339130596529083,3.1,52.65305585172899,13510.77413155366,4712.887274195175,52.21428038629792,0.6842528484980647,0.3157471515019353,SC,10.8,101035.0,646.3,3057362.0,11.511923726892665,-22.5,-1.8235294117647056,5.867647058823527,-21.5,-34.338235294117645,13.352941176470587,8.111568077316328
1997,1997,Calhoun County,0.3843664023304742,2.34,562,65323,0.023628418837999675,20.8,0.10074290078455878,0.442883448134761,3.4,329.8289012574727,22593.27973613688,6603.449460592317,164.91445062873638,0.0,1.0,SC,8.5,6454.0,1079.1,272173.0,9.135111013215859,-35.647058823529406,-6.647058823529411,18.176470588235293,-25.52941176470589,-45.63235294117647,15.970588235294118,20.575148894269454
1998,1998,Charleston County,0.2759069066239517,2.45,1248,84311,0.013455196457175165,13.7,0.05688945738106613,0.317445440155547,2.4,96.25528067164795,16631.745769385958,6796.692318536919,82.4003539083047,0.8708819653614458,0.12911803463855426,SC,13.1,211096.0,828.0,6202385.0,21.10733669580331,-36.23529411764706,-15.176470588235292,-27.926470588235286,-46.67647058823529,-40.647058823529406,14.794117647058822,14.446055831748593
2000,2000,Chester County,0.34323875760689165,2.54,533,54934,0.01580652809610369,19.6,0.12335172542785,0.3959332734981895,3.1,223.29735764793446,28247.11574246372,8308.522515816896,145.76355290906838,0.287939595945854,0.712060404054146,SC,14.5,13484.0,1097.9,598330.0,19.744386396804444,-45.602941176470594,-26.117647058823533,5.911764705882352,-62.17647058823529,-52.30882352941178,21.514705882352942,11.364965821536611
2001,2001,Chesterfield County,0.3294413407821229,2.52,523,49740,0.043184357541899435,20.7,0.16217527455563888,0.3703349074053924,5.4,289.15662650602405,19636.36363636364,6153.340635268346,151.1500547645126,0.25379387394097386,0.7462061260590261,SC,10.9,21754.0,1033.2,812946.0,10.644433490047307,-30.558823529411764,-12.764705882352946,30.867647058823533,-15.426470588235292,-41.602941176470594,16.264705882352942,10.82482723329717
2006,2006,Dorchester County,0.26163935610919403,2.83,1158,78800,0.01804845440913444,12.1,0.06676719712525668,0.3254600471260084,2.9,95.81779877033829,23733.331695422246,6291.421235926761,80.46238230073277,0.8037002138223462,0.19629978617765376,SC,11.2,76292.0,677.0,2245644.0,13.362966883441894,-21.205882352941178,-2.8382352941176467,-6.647058823529411,-22.220588235294123,-37.632352941176464,14.132352941176471,13.002951491866028
2008,2008,Fairfield County,0.3594821020563595,2.42,587,47765,0.026438907627026442,20.9,0.09663526244952894,0.6089076002658985,3.2,429.58786414283804,20512.820512820515,7213.4962187318215,250.59292074998882,0.22258368290386096,0.777416317096139,SC,11.5,9640.0,1187.3,425412.0,15.631616719791634,-42.647058823529406,-18.25,26.588235294117645,-59.55882352941178,-49.33823529411765,20.94117647058824,10.342914633343677
2011,2011,Greenville County,0.2828760202098717,2.57,938,75855,0.02067107138230341,11.5,0.08078114298528992,0.2645585923554693,2.8,311.72284172043504,37326.51821630357,8964.51478582425,111.3568729920427,0.8736992356570586,0.12630076434294135,SC,12.2,259495.0,840.6,7780220.0,18.44813193277311,-27.323529411764717,-0.4117647058823529,0.4558823529411765,-7.426470588235293,-34.617647058823536,12.073529411764708,10.231073157314318
2019,2019,Lee County,0.35372878717110384,2.47,497,47200,0.022575120660127655,25.0,0.1075586884007804,0.6705441980996256,3.6,213.9291656762539,25814.119324934632,8242.215355360113,255.52650344663655,0.22019292604501609,0.7798070739549839,SC,12.0,6657.0,1145.7,348419.0,12.871375674690533,-43.352941176470594,-19.544117647058822,-50.30882352941178,-62.191176470588225,-37.352941176470594,13.764705882352946,17.2206452575778
2020,2020,Lexington County,0.2840748337812986,2.54,931,74529,0.020724289149809026,12.5,0.07020310749938066,0.20881362004698945,3.3,224.93723849372384,26936.234309623444,6903.765690376568,102.09205020920506,0.7497477118562265,0.25025228814377354,SC,7.6,147193.0,800.7,4481742.0,7.915468575634205,-26.867647058823533,-1.8823529411764703,26.617647058823533,-8.985294117647056,-35.617647058823536,13.25,9.10360301864766
2027,2027,Richland County,0.239935990727875,2.51,1009,73179,0.017385234404325236,16.2,0.05200849439700544,0.5514504432889193,4.1,124.11036201260825,19626.754922924098,7323.232930616054,86.34810070257048,0.9092162621734424,0.09078373782655742,SC,9.0,197151.0,738.4,6588405.0,7.578870811858107,-30.367647058823533,-4.602941176470588,-21.5,-18.352941176470583,-39.132352941176464,14.75,7.892653836550728
2033,2033,York County,0.2594085623104208,2.59,1028,82022,0.016016045686733656,10.5,0.062039800995024874,0.2576427754709033,3.4,170.83127208794963,25099.384651522003,6611.170229803651,70.46789973627922,0.7737908191430634,0.2262091808569366,SC,11.9,138502.0,779.5,3747291.0,17.142403366858886,-23.573529411764717,-5.294117647058823,18.764705882352946,-22.176470588235293,-39.45588235294117,14.867647058823529,4.1630073565143455
2096,2096,Chester County,0.34273927392739273,2.63,646,59863,0.01155115511551155,15.8,0.10021335341365464,0.1393833624200116,4.1,763.1381164363762,31635.54373590796,9816.73122506793,208.12857720992082,0.302865329512894,0.697134670487106,TN,11.0,7575.0,981.9,298902.0,12.018996452014374,-45.602941176470594,-26.117647058823533,5.911764705882352,-62.17647058823529,-52.30882352941178,21.514705882352942,6.6911562987199815
2108,2108,Fayette County,0.3576558091818415,2.54,884,72917,0.01275968196973583,13.5,0.09920323763753636,0.30470072701922124,3.6,262.5629056961564,31945.153526365688,9372.03705054336,123.98803880096271,0.2022464739294148,0.7977535260705853,TN,9.5,17501.0,938.1,637887.0,10.629633752216302,-38.220588235294116,-4.838235294117646,16.455882352941178,-37.29411764705883,-43.86764705882353,16.161764705882348,5.016562494611113
2117,2117,Hamilton County,0.3002692596392885,2.41,899,75007,0.014248035644191637,12.8,0.07257958600999287,0.2470609749001854,3.0,313.21029678850687,37412.317429935516,9183.151896118585,87.54662809539866,0.904187099207846,0.0958129007921539,TN,14.4,185870.0,991.3,5924760.0,24.81684303465457,-30.117647058823533,-4.0,7.955882352941178,-33.25,-37.20588235294117,13.411764705882351,3.915770427831676
2147,2147,Montgomery County,0.18030213310932705,2.71,1012,67390,0.017902144126031094,13.3,0.04331412574838064,0.29497951843341,3.8,246.8982214715325,27153.062542764594,6638.499854062098,69.38031417320198,0.8074695426403036,0.19253045735969648,TN,15.4,83019.0,617.3,2918598.0,14.257898656957893,-20.0,1.4411764705882353,10.926470588235292,-14.794117647058822,-34.911764705882355,12.441176470588234,3.700406839174152
2159,2159,Rutherford County,0.2053261219957735,2.78,1107,79582,0.023711450983201404,11.1,0.05119279007474882,0.2320884061871665,3.1,292.51997532238886,32292.760732503724,9772.033043923138,84.56595994402396,0.834346593116308,0.16565340688369198,TN,16.7,181474.0,590.6,4354457.0,23.432077585976852,-25.69117647058824,-2.9852941176470584,40.088235294117645,-11.926470588235292,-39.29411764705883,15.294117647058822,4.3174154664978905
2163,2163,Shelby County,0.2544405656133077,2.62,994,65547,0.022568722700273918,19.3,0.07421079970336589,0.6089383088381353,4.6,413.5873473856287,22125.00240085534,7977.348730107579,116.09469400298349,0.9750498400598584,0.02495015994014171,TN,13.2,420365.0,847.3,16552912.0,12.953461555827758,-27.308823529411764,-2.0294117647058822,-20.926470588235293,-19.602941176470583,-34.161764705882355,12.705882352941178,6.621191485824367
2179,2179,Wilson County,0.29087467783505155,2.72,1146,87423,0.016269329896907218,7.7,0.05677020841665556,0.1222615720076683,2.5,381.5923183807213,34169.10346543894,9796.276709734058,105.07614564106821,0.6138298806179775,0.3861701193820225,TN,13.9,73122.0,779.4,1944325.0,23.390660957607388,-22.058823529411764,-3.0735294117647056,26.64705882352941,-11.588235294117649,-39.161764705882355,14.235294117647054,4.731719234181528
2193,2193,Bell County,0.20822567630349909,2.75,985,64505,0.03769694104605955,13.9,0.05509028933526758,0.3663554940988141,4.4,158.71091468186174,17683.041077470763,4448.314247611072,53.17917800972104,0.8482904279907547,0.15170957200924526,TX,11.5,133620.0,628.2,5183995.0,8.047504241034181,-22.294117647058826,-6.897058823529411,32.19117647058823,-22.308823529411764,-35.779411764705884,12.808823529411766,4.629634094940292
2194,2194,Bexar County,0.24762316403272325,3.02,1045,68037,0.04193824705891598,15.7,0.10045263862057756,0.2064369741960823,3.4,197.64877812127847,25541.612554490668,7018.228607764003,96.92775937159668,0.9568574325058232,0.04314256749417685,TX,13.9,885070.0,682.3,29427300.0,15.083075811746232,-34.132352941176464,-9.235294117647056,-35.073529411764696,-37.191176470588225,-41.852941176470594,16.426470588235293,13.755934115600141
2198,2198,Brazoria County,0.23824296635204856,2.87,1216,94650,0.03627296890300601,8.7,0.07336151067266941,0.27590614316965045,2.8,153.90205844003162,23219.97306713977,6719.588311993673,71.07282559904239,0.7787909004867496,0.2212090995132504,TX,13.5,164993.0,648.0,5299188.0,15.111689288245671,-22.102941176470583,-6.0735294117647065,11.014705882352944,-10.0,-36.23529411764706,16.0,9.510891102561372
2203,2203,Brown County,0.3460337289194253,2.5,665,61889,0.0166562565063502,12.6,0.08382222714190835,0.08720116232994324,2.3,1109.2330445806042,32896.682864990486,8723.325586308894,206.00042256496937,0.5298846174878329,0.4701153825121671,TX,10.0,13544.0,1258.8,682938.0,13.455850898324591,-40.45588235294117,-6.455882352941178,72.02941176470588,-72.63235294117645,-39.23529411764706,16.308823529411768,6.4427517578462465
2207,2207,Calhoun County,0.3210234766552361,2.82,652,70735,0.08506990240042205,13.7,0.1370895976769238,0.13951449141591288,3.3,56.364490371066225,12343.823391263504,6232.973226867074,51.66744950681071,0.4064855390008764,0.5935144609991235,TX,8.9,10923.0,898.6,380575.0,10.110069914208767,-35.647058823529406,-6.647058823529411,18.176470588235293,-25.52941176470589,-45.63235294117647,15.970588235294118,4.204164750706168
2224,2224,Comal County,0.3213347090544513,2.74,1200,93758,0.022524188681449186,7.6,0.05050684814487884,0.0911099815026616,2.1,407.1468353295904,13289.88726641871,4568.878873816489,113.9499004538791,0.5360448331493589,0.4639551668506411,TX,11.9,66712.0,849.7,1827828.0,21.274451354503817,-29.0,-5.705882352941178,16.985294117647058,-12.191176470588234,-38.308823529411775,14.735294117647054,19.257829511310693
2234,2234,Dallas County,0.2128312764382916,2.78,1146,67159,0.06727053959697997,15.4,0.1322525570783343,0.3873610017845169,3.3,255.4338505249067,28155.549046182983,8636.714783746333,88.52156465754715,0.9937185729870014,0.006281427012998578,TX,13.0,1277347.0,613.0,42226019.0,12.590964584395227,-34.176470588235304,-10.352941176470589,-10.632352941176473,-39.54411764705883,-41.9264705882353,16.75,7.578265902831143
2238,2238,Denton County,0.1914178114523359,2.83,1477,107016,0.02279234673309697,7.6,0.049267206660273184,0.2569565206962637,2.8,190.71084876471897,17882.185329917367,5111.095832201505,46.88871931803965,0.9298974385001894,0.07010256149981063,TX,12.8,465348.0,407.9,10988721.0,12.091563198301245,-30.95588235294117,-9.985294117647056,37.73529411764706,-25.14705882352941,-48.07352941176471,19.88235294117647,3.640096058494888
2243,2243,Duval County,0.39333523212759897,3.06,432,51929,0.07035032754201083,22.8,0.19263642340565407,0.04996450124245655,5.4,430.2231782737295,30330.73406829793,9231.87236712378,277.85246930178363,0.2920514213289879,0.7079485786710121,TX,15.5,4551.0,1014.8,218866.0,14.918611586998436,-28.632352941176467,-7.1764705882352935,-8.279411764705884,-33.779411764705884,-37.661764705882355,14.088235294117649,18.27602277192437
2246,2246,Ellis County,0.25886889908737154,3.0,1175,86150,0.037098434746191566,8.8,0.08853392118783934,0.1849319798356467,2.3,311.64446560548834,36423.446917641464,8701.697813078246,101.71729085734691,0.6763358778625954,0.3236641221374046,TX,10.8,84995.0,712.8,2502013.0,14.407494853144248,-21.911764705882355,-6.029411764705883,9.176470588235292,-18.66176470588235,-35.882352941176464,15.205882352941178,6.7145934093867625
2247,2247,El Paso County,0.2623420670120383,3.06,851,52412,0.05091125936416832,20.2,0.1314123803769466,0.2033377907380075,3.6,679.1875487048965,16098.889707091435,12552.69661287978,225.91922672710243,0.9773405794152574,0.02265942058474253,TX,15.0,334025.0,594.6,13736717.0,11.537821552995524,-36.720588235294116,-8.764705882352942,-59.220588235294116,-30.19117647058824,-40.338235294117645,18.044117647058822,10.13342562127472
2251,2251,Fayette County,0.4191570881226054,2.7,665,72565,0.02145593869731801,11.9,0.09945757772020726,0.09824589316256316,1.9,473.44748678292433,11599.463426181646,5535.390199637021,169.65201609721456,0.26398903951543123,0.7360109604845688,TX,6.9,10318.0,1321.5,428154.0,11.146300046245036,-38.220588235294116,-4.838235294117646,16.455882352941178,-37.29411764705883,-43.86764705882353,16.161764705882348,13.079406008118575
2255,2255,Fort Bend County,0.2328707810141961,3.19,1608,108211,0.03131371304380725,7.4,0.05896964460693928,0.48274483468644896,3.4,94.61763633317234,17103.61616778861,5270.0052236820065,52.236820058938896,0.9394559204182104,0.060544079581789575,TX,13.0,360575.0,399.5,9524998.0,10.16287948826866,-32.55882352941177,-9.647058823529411,15.691176470588234,-15.382352941176471,-47.235294117647065,21.264705882352946,7.979004300053396
2260,2260,Galveston County,0.2728964574515391,2.69,1167,89270,0.027610797279270082,12.4,0.07192957189739756,0.21193204860537407,4.0,143.80120360438303,25165.210630767026,7334.738220430878,70.43920745661852,0.8958654107417806,0.10413458925821936,TX,15.7,156162.0,825.8,5121858.0,20.620852177549626,-21.397058823529417,-0.08823529411764706,13.897058823529413,5.735294117647059,-38.70588235294117,14.941176470588234,8.043955923807339
2269,2269,Guadalupe County,0.2720199593420809,2.9,1145,84769,0.0301607835889854,9.1,0.07326910578430249,0.2653900834140633,2.3,201.38210456286296,20936.54665651765,5258.7100756980935,73.12088320437287,0.7249025292412277,0.2750974707587724,TX,10.9,73648.0,674.6,2153618.0,13.887853074036348,-18.544117647058822,-7.25,6.602941176470589,-18.08823529411765,-34.80882352941177,13.455882352941178,13.372845137809955
2276,2276,Harris County,0.21108368922265802,2.87,1141,71258,0.05632727200243184,15.7,0.1186133092235236,0.37461192304960794,3.9,126.2802798449078,14951.737892040119,5832.379477332881,78.3098980019413,0.9884118201186216,0.011588179881378472,TX,14.6,2159422.0,560.0,70754056.0,12.801357475252022,-32.01470588235294,-10.044117647058824,-13.632352941176471,-50.20588235294117,-40.161764705882355,16.955882352941178,10.396577123437275
2280,2280,Hays County,0.2140474147909092,2.81,1300,85891,0.04196794531367022,13.7,0.0599095832948081,0.11466212986136493,3.1,177.24411466999146,24829.81524038733,6210.0603411949205,64.29443375284004,0.6707507952269552,0.3292492047730448,TX,12.8,110748.0,499.1,2590341.0,14.488929410143303,-29.132352941176467,-13.485294117647054,-10.176470588235292,-7.529411764705883,-41.9264705882353,17.147058823529413,8.02983082150188
2289,2289,Howard County,0.2840744757772957,2.84,712,65210,0.04067245119305857,17.3,0.10508635715417523,0.1662494153896944,3.7,687.3227143792275,17019.4195941523,11455.378572987129,193.6504473052585,0.7560195062480951,0.2439804937519049,TX,10.4,12620.0,1081.7,622934.0,10.277724969258381,-48.735294117647065,-26.39705882352941,41.897058823529406,-29.94117647058824,-57.08823529411765,24.617647058823533,4.494858203276753
2314,2314,Lee County,0.3439363817097416,2.74,738,63836,0.04804506295559974,12.3,0.1047240298867197,0.18249501700082071,1.5,835.3152735077441,27286.965601252974,6641.916584488658,197.22721735599515,0.2457661021469529,0.7542338978530471,TX,7.2,8676.0,955.6,294885.0,11.218011951777813,-43.352941176470594,-19.544117647058822,-50.30882352941178,-62.191176470588225,-37.352941176470594,13.764705882352946,17.63399291249131
2315,2315,Leon County,0.4384603445599876,2.66,548,57173,0.0254539810647214,17.6,0.12662735711366688,0.10995645863570393,3.2,620.5470006894967,13238.33601470926,4924.155366582395,160.88255573431394,0.0,1.0,TX,10.3,5537.0,1264.2,293935.0,11.83573944511542,-35.970588235294116,-13.382352941176471,-3.7352941176470575,-51.67647058823529,-42.617647058823536,17.11764705882353,5.443380339190638
2316,2316,Liberty County,0.2963569381907491,2.84,707,60951,0.055669259107654516,14.1,0.13553653719552336,0.19471458268619626,3.6,394.47284598555865,15806.118863283418,5496.548362597627,121.28906471395052,0.32396814910115096,0.6760318508988491,TX,15.4,30787.0,943.4,1349526.0,17.777145820680747,-30.75,-22.625,-40.75,-34.125,-40.25,13.5,11.856014630322056
2321,2321,Lubbock County,0.23185711264627096,2.58,953,69457,0.034902368532355836,18.9,0.08125735314235684,0.17905698013175508,2.5,602.7646030350743,30230.963167605267,14456.368794052207,200.59954470665141,0.8907999026628659,0.10920009733713412,TX,10.1,140381.0,798.7,4851398.0,12.295232446482437,-22.367647058823533,-4.588235294117646,41.911764705882355,-19.955882352941178,-31.970588235294123,12.426470588235292,3.5453698088674646
2324,2324,McLennan County,0.27764452439647325,2.68,886,62727,0.03320230084171718,19.2,0.09082544471891113,0.2158756456873857,2.5,486.3165031972972,22749.324885142796,8341.808801237614,128.2036294486465,0.7696059879735924,0.2303940120264077,TX,10.6,108584.0,880.0,4121193.0,13.146453621560552,-27.220588235294123,-4.485294117647058,16.264705882352942,-20.61764705882353,-32.367647058823536,12.044117647058822,7.473564086903963
2328,2328,Martin County,0.2585596221959858,3.3,716,81688,0.061983471074380174,8.5,0.13329754875648595,0.20711630377057888,2.9,1247.6173973314847,24744.41171374112,10154.219372725698,294.5763299254895,0.0,1.0,TX,6.8,2484.0,928.2,87483.0,7.1950221460169415,-39.838235294117645,-17.764705882352942,-20.22058823529412,-36.411764705882355,-35.54411764705883,13.779411764705882,18.28926762913937
2334,2334,Midland County,0.21162146040211927,2.92,1228,94223,0.0583529246640233,9.6,0.09647976784649934,0.17831679223628893,2.3,305.37459283387625,31222.8555917481,7540.490408975752,114.23271806007963,0.8842523596621957,0.11574764033780427,TX,10.2,95590.0,722.4,2409511.0,15.848436237892251,-32.75,-15.470588235294118,-23.044117647058826,-31.617647058823533,-28.632352941176467,14.661764705882351,9.130483322134655
2339,2339,Montgomery County,0.2531701644609336,2.87,1293,95962,0.03300796882944289,9.3,0.07971885042469698,0.13554879893137328,2.8,126.4424398781016,20936.102115441292,5363.102186235885,50.050132451748546,0.7804409869009891,0.21955901309901096,TX,13.2,261391.0,645.1,7488740.0,16.39231529266605,-29.588235294117645,-7.764705882352941,0.6617647058823529,-17.955882352941178,-39.29411764705883,15.279411764705882,5.0208713348306935
2341,2341,Morris County,0.3701387531756889,2.39,607,52799,0.024819230017588432,17.8,0.07788697788697789,0.3073628061100784,4.3,290.6038101388441,19857.927026154342,5101.7113335485965,96.867936712948,0.1947211155378486,0.8052788844621513,TX,13.7,4373.0,1342.8,233022.0,16.581345860905838,-58.20588235294117,-18.029411764705888,19.602941176470583,-54.04411764705882,-55.647058823529406,24.926470588235286,5.149728351829441
2347,2347,Nueces County,0.2784219511629883,2.73,1000,68174,0.045747039420321205,16.6,0.1116615896814522,0.09924213088454947,3.5,268.2903939894119,18618.02845203067,8933.07645172153,165.6113543144518,0.9201888919614558,0.07981110803854417,TX,15.6,152199.0,781.0,6016271.0,16.73473550194132,-23.735294117647058,-5.4264705882352935,24.10294117647059,-25.514705882352942,-32.98529411764706,12.941176470588234,23.2037419856918
2352,2352,Parker County,0.30074780290536113,2.99,1126,90102,0.02690734925332671,8.1,0.07492249266617647,0.06798394750805238,3.0,251.96321337084788,36627.05245034225,7742.969526449138,76.9887596410924,0.4281118641159818,0.5718881358840182,TX,10.4,60446.0,805.7,1955561.0,12.900285524000536,-19.13235294117647,-0.029411764705882363,7.75,-23.0,-34.117647058823536,12.852941176470587,4.909077241773588
2376,2376,Shelby County,0.3257290433659744,2.71,503,49894,0.05434197783277736,22.6,0.15013340766994546,0.22158665036096106,4.1,94.9592466566432,10777.874495529002,4795.441956160481,162.22204637176546,0.181672702770993,0.818327297229007,TX,8.8,9731.0,1189.7,457769.0,8.32040474628033,-27.308823529411764,-2.0294117647058822,-20.926470588235293,-19.602941176470583,-34.161764705882355,12.705882352941178,11.359441115497116
2385,2385,Tarrant County,0.22218927726289514,2.86,1188,79859,0.043635598628736665,11.9,0.08871473106354882,0.32959210057713795,3.2,193.48256730629745,33479.90382946138,8823.385326620737,84.99344832260412,0.9865263576118176,0.013473642388182478,TX,13.4,1001796.0,619.8,30922643.0,14.336808040994425,-32.161764705882355,-6.205882352941178,13.014705882352946,-62.57352941176471,-39.602941176470594,16.147058823529413,7.774238443977767
2390,2390,Travis County,0.1748027462047036,2.54,1427,96847,0.043498510672981036,12.0,0.07348740219528574,0.27531596300960626,2.8,77.23983754515469,13956.861864714112,4662.17775524077,46.94047037805133,0.9467387362886412,0.0532612637113589,TX,12.4,682299.0,461.0,17606892.0,12.005001894031045,-45.07352941176471,-20.205882352941178,-18.147058823529417,-62.82352941176471,-51.352941176470594,20.98529411764705,6.5201740318507095
2403,2403,Webb County,0.2405433954191125,3.61,867,49968,0.11555175226303335,27.5,0.1780684477090306,0.04124653597829818,2.9,320.98087127510377,28758.15103451267,11804.722178043172,179.6480777294218,0.9667873081528248,0.03321269184717535,TX,13.4,108142.0,476.5,4227741.0,8.958520000397376,-41.51470588235294,-24.426470588235286,-56.95588235294117,-32.838235294117645,-36.73529411764706,17.735294117647058,21.477190773985445
2409,2409,Williamson County,0.2325099911190053,3.02,1477,100844,0.0231072380106572,6.4,0.04391571162329415,0.20293314146719169,3.3,125.98403863510521,22120.358783576696,4927.2628443606045,43.180013241870725,0.8811412212099058,0.11885877879009416,TX,11.8,286928.0,462.9,6855205.0,11.528070694311841,-35.558823529411775,-15.088235294117649,2.0588235294117645,-31.176470588235286,-49.30882352941178,19.63235294117647,5.718282677177415
2410,2410,Wilson County,0.2948579419055489,3.09,941,88764,0.05809445115362614,9.6,0.08089266562164837,0.07371931751164262,3.1,234.9716075974153,24531.03583317016,5316.232621891521,76.36577246915998,0.12775855898842894,0.8722414410115711,TX,8.8,21948.0,782.1,723653.0,9.464545561477669,-22.058823529411764,-3.0735294117647056,26.64705882352941,-11.588235294117649,-39.161764705882355,14.235294117647054,11.055022227504065
2458,2458,Fairfax County,0.260102748795085,2.87,2110,144687,0.03370987715037289,6.1,0.05130398020028713,0.3881854883048744,2.8,76.33774047259682,13927.97760759613,4473.426449109916,63.17906603040265,0.986865131691822,0.013134868308177979,VA,10.2,629279.0,428.3,18956654.0,7.364773412681375,-45.86764705882353,-20.426470588235293,-3.661764705882353,-58.88235294117647,-58.5,25.14705882352941,3.54492939524032
2470,2470,Henrico County,0.2783737078091917,2.53,1236,91226,0.014385353095030516,9.1,0.05598473451873043,0.4372326621582425,3.1,148.72225816007594,17161.097642812663,4544.190461220369,94.61395691891008,0.958110530358945,0.04188946964105498,VA,10.9,179056.0,824.8,5320015.0,15.157141903697646,-33.838235294117645,-13.25,11.147058823529413,-60.411764705882355,-46.32352941176471,17.941176470588232,4.3608899598967295
2471,2471,Henry County,0.39819964181355455,2.38,548,49979,0.016919596568950892,18.1,0.14572874253864093,0.27434318234973104,4.0,450.9761259568408,22857.368910338824,6351.2471072255075,124.61182427754812,0.3966423024211969,0.6033576975788031,VA,13.1,23847.0,1192.6,987367.0,18.34802744207574,-35.76470588235294,-5.367647058823528,51.235294117647065,-58.264705882352935,-44.17647058823529,18.294117647058822,5.266532100019547
2478,2478,Loudoun County,0.19392554241781126,3.06,2354,160182,0.01606847174607617,3.4,0.03918016310225062,0.3504482023819767,2.4,31.91967848178402,10684.386924538978,3839.066784672751,39.89959810223002,0.8666873777891486,0.1333126222108514,VA,9.9,219877.0,334.1,5029291.0,7.6684716578340755,-42.470588235294116,-19.308823529411768,-14.808823529411766,-76.11764705882355,-57.941176470588225,24.35294117647059,4.135771821515199
2482,2482,Mecklenburg County,0.4335403726708075,2.46,675,57971,0.014244306418219463,19.0,0.12891574399135836,0.3753905233012237,1.9,156.92941445712228,14162.879654755288,4884.428024977932,137.31323764998209,0.18654187510085526,0.8134581248991447,VA,11.1,11925.0,1327.5,579815.0,17.582852720264224,-40.941176470588225,-11.544117647058822,0.19117647058823528,-61.29411764705882,-47.147058823529406,17.514705882352942,8.278502625837552
2489,2489,Page County,0.3787421925479216,2.54,774,62967,0.011307344389403402,15.1,0.12456453394511005,0.04695644862956117,3.9,100.41000753075056,23947.78679608401,5346.832901012467,146.43126098234458,0.1917241379310345,0.8082758620689655,VA,14.1,12149.0,1120.6,426920.0,22.768942545675998,-47.38235294117647,-12.117647058823529,3.4852941176470584,-56.45588235294117,-50.764705882352935,21.5,3.747774758737
2493,2493,Prince William County,0.20913380281690144,3.22,1918,118142,0.03306338028169014,6.6,0.0737360860301878,0.4338600373193361,3.2,61.232950981747045,19278.174067420037,6224.924787651355,58.043734784781066,0.9553440542610218,0.04465594573897823,VA,11.3,245818.0,379.3,6706284.0,7.8831109919890086,-33.55882352941177,-12.926470588235292,24.45588235294117,-46.911764705882355,-47.70588235294117,21.102941176470583,4.771644028198031
2513,2513,Adams County,0.2330487192365645,3.24,773,56436,0.11635693956135945,25.6,0.18073660252431206,0.3487292028171889,4.1,240.20417354751538,10388.83050593004,8527.248160936795,85.07231146474504,0.5027234860621596,0.4972765139378405,WA,9.1,9438.0,653.4,319266.0,6.7604324293849025,-31.970588235294123,-8.514705882352942,5.588235294117646,-20.102941176470583,-39.9264705882353,16.044117647058822,10.02299023384889
2515,2515,Benton County,0.2778663634724976,2.72,1045,81215,0.031890850099138945,11.9,0.06292362268317367,0.178606506748752,3.0,158.5204755614267,16585.93864670483,6466.069768579677,86.1098879592935,0.9036404441983154,0.09635955580168468,WA,13.7,105445.0,692.5,2998562.0,18.239568237208367,-33.544117647058826,-4.382352941176471,83.66176470588233,-7.411764705882352,-41.661764705882355,13.176470588235292,7.070055579974668
2553,2553,Clay County,0.3677458766035431,2.64,374,45515,0.014355528405620037,27.5,0.15861344537815125,0.005856011023079533,3.2,141.04372355430186,12552.891396332863,3420.310296191821,47.0145745181006,0.0,1.0,WV,19.1,3044.0,1204.0,173420.0,23.5216139314958,-27.426470588235286,-1.1176470588235294,102.76470588235294,-15.897058823529413,-41.897058823529406,16.029411764705884,4.613078076346442
2572,2572,Mercer County,0.3662753807106599,2.33,556,51604,0.009636738578680205,19.8,0.11722218427703025,0.08770173066973752,3.6,428.87776983559684,33779.23006228939,6118.31580380544,117.43081793117534,0.6036194587414909,0.3963805412585089,WV,16.6,20884.0,1391.9,1113978.0,23.745783162683647,-54.470588235294116,-12.691176470588234,4.029411764705882,-68.61764705882354,-51.102941176470594,21.029411764705888,8.258690925673577
2625,2625,Kenosha County,0.2551980159411021,2.56,1063,78903,0.015270390416621172,12.3,0.06600060919890344,0.14519593648382426,4.3,474.1656395043672,18846.314895524323,8979.069479420386,151.56787232913229,0.8942529730977947,0.10574702690220528,WI,14.9,89137.0,808.9,2905563.0,18.413080742217602,-34.779411764705884,-13.044117647058822,11.764705882352946,-29.808823529411764,-37.602941176470594,15.088235294117649,4.405342441378831
2636,2636,Milwaukee County,0.24245960620134754,2.43,965,65002,0.02540459213710996,19.0,0.07741762628555934,0.4084171374626009,3.5,243.62235996472552,17208.366905425042,10394.02533080406,108.9110376578417,0.9980696227511824,0.0019303772488177336,WI,14.8,464262.0,891.0,16983756.0,19.265646340067534,-40.75,-11.588235294117649,37.52941176470589,-38.75,-41.8235294117647,16.455882352941178,4.12158535485319
2647,2647,Racine County,0.2858757502533323,2.47,991,77118,0.012107984514251564,12.4,0.06305250433594366,0.1912097013322972,2.7,330.08848205143875,20930.05486192827,10809.888391378985,147.72478363413154,0.8836838518085781,0.11631614819142205,WI,14.3,99971.0,840.3,3474863.0,19.63029121309243,-29.85294117647059,-9.514705882352944,53.92647058823529,-13.970588235294118,-33.26470588235294,13.544117647058822,5.410285240022413
